id,userName,fullName,profilePicUrl,isVerified
50970351450,darsh_spam997,Darsh,https://instagram.fkix2-1.fna.fbcdn.net/v/t51.2885-19/44884218_345707102882519_2446069589734326272_n.jpg?_nc_ht=instagram.fkix2-1.fna.fbcdn.net&_nc_cat=1&_nc_ohc=oe8SiN2GJEIAX-4EVrq&edm=AAnf6ggBAAAA&ccb=7-5&ig_cache_key=YW5vbnltb3VzX3Byb2ZpbGVfcGlj.2-ccb7-5&oh=00_AfDl3vcDq8Ht0VuDu24leRIMi6tSsYuEiTZdX8ExOauTyA&oe=63929A0F&_nc_sid=2adff6,false
8601378735,the_one_who_asked_g,Rohan Basava,https://instagram.fblr1-5.fna.fbcdn.net/v/t51.2885-19/275536652_946471069390239_3946350643519445936_n.jpg?stp=dst-jpg_s150x150&_nc_ht=instagram.fblr1-5.fna.fbcdn.net&_nc_cat=103&_nc_ohc=yyB7qQo5mQsAX8nuA26&edm=AOG-cTkBAAAA&ccb=7-5&oh=00_AfB_IX9cNOKTVQWz3xnAKG0BeErELh5psgrJhkc6477DGg&oe=6393AB3E&_nc_sid=282b66,false
53672556346,_sniikiitaa,snikita,https://instagram.fblr1-7.fna.fbcdn.net/v/t51.2885-19/310294496_624250512768930_3021234235296285354_n.jpg?stp=dst-jpg_s150x150&_nc_ht=instagram.fblr1-7.fna.fbcdn.net&_nc_cat=106&_nc_ohc=bq27X71ZG9EAX9KhMM1&edm=AOG-cTkBAAAA&ccb=7-5&oh=00_AfAxqKSSF6PgqaVTdavBKFY1SUgKXG-L8ZoIwiP8aU1VqQ&oe=6392F300&_nc_sid=282b66,false
55134723421,thegeminitxin,TheGeminiTxin,https://instagram.fblr1-5.fna.fbcdn.net/v/t51.2885-19/312615628_1505255059897239_3665492027413989909_n.jpg?stp=dst-jpg_s150x150&_nc_ht=instagram.fblr1-5.fna.fbcdn.net&_nc_cat=103&_nc_ohc=diJQPHcEcckAX96P7MD&tn=CTb4kKz1czh79hkh&edm=AOG-cTkBAAAA&ccb=7-5&oh=00_AfDUBQwqDuZVoGexZPfTOf1tKejPEA8CH-hSNw_9bfF_oA&oe=63921899&_nc_sid=282b66,false
13790911639,roniie____,R,https://instagram.fblr1-7.fna.fbcdn.net/v/t51.2885-19/316573743_1078727349456882_8282757013443823873_n.jpg?stp=dst-jpg_s150x150&_nc_ht=instagram.fblr1-7.fna.fbcdn.net&_nc_cat=106&_nc_ohc=Cx_EPR0IRJ0AX8cge-P&edm=AOG-cTkBAAAA&ccb=7-5&oh=00_AfCk3bGWaNNbeWdlCM5GaNXIifGgvZpTHzpnMb9KDJ1SSQ&oe=6392B02D&_nc_sid=282b66,false
43553629051,manan_0831,Manan010,https://instagram.fblr1-7.fna.fbcdn.net/v/t51.2885-19/316254715_183078387714102_4482451052225519996_n.jpg?stp=dst-jpg_s150x150&_nc_ht=instagram.fblr1-7.fna.fbcdn.net&_nc_cat=106&_nc_ohc=OZcec6NhZeAAX-2km7U&edm=AOG-cTkBAAAA&ccb=7-5&oh=00_AfAa2LMG3yYgh2SzTNW9QQzCJTb6IKncSOZVXBEq_CkRFg&oe=6391EE56&_nc_sid=282b66,false
5325563212,arnab1sen,Arnab Sen,https://instagram.fblr1-3.fna.fbcdn.net/v/t51.2885-19/209619016_853972305524037_8860900014831943465_n.jpg?stp=dst-jpg_s150x150&_nc_ht=instagram.fblr1-3.fna.fbcdn.net&_nc_cat=109&_nc_ohc=yDLunK80uAEAX8eXg1X&edm=AOG-cTkBAAAA&ccb=7-5&oh=00_AfDoJu4-M5GkooBfK5RvdDjyZICEtIyY7JiJbTi4DdMl-Q&oe=639230C2&_nc_sid=282b66,false
46419284653,chxravaxthy_rishx7,Rishi Chakravarthy,https://instagram.fblr1-4.fna.fbcdn.net/v/t51.2885-19/312913492_195622572854717_979928457470970353_n.jpg?stp=dst-jpg_s150x150&_nc_ht=instagram.fblr1-4.fna.fbcdn.net&_nc_cat=105&_nc_ohc=lL0LvkNLj04AX_JSf4J&tn=CTb4kKz1czh79hkh&edm=AOG-cTkBAAAA&ccb=7-5&oh=00_AfDwGt5oU7JHXhon1xhS-FidXBa8XCBfVl-d8Tsm703qXQ&oe=63921B5D&_nc_sid=282b66,false
56123517720,veine_rao,veine_rao,https://instagram.fblr1-5.fna.fbcdn.net/v/t51.2885-19/313793092_401790075487563_1643951151187695662_n.jpg?stp=dst-jpg_s150x150&_nc_ht=instagram.fblr1-5.fna.fbcdn.net&_nc_cat=103&_nc_ohc=Mxc7NmciMscAX9IJYnr&edm=AOG-cTkBAAAA&ccb=7-5&oh=00_AfD_LXlK_QmcJAOPCA3ZUUuydHEfWGJcuEXp92kqUJTxjQ&oe=6392665D&_nc_sid=282b66,false
56112293669,comics_projectks,comicxkeona,https://instagram.fblr1-7.fna.fbcdn.net/v/t51.2885-19/313307384_673542247461822_7344026961040504272_n.jpg?stp=dst-jpg_s150x150&_nc_ht=instagram.fblr1-7.fna.fbcdn.net&_nc_cat=106&_nc_ohc=TDIGoeOq5agAX-3czXa&edm=AOG-cTkBAAAA&ccb=7-5&oh=00_AfCgYBVLugwZokcAHxQYu_tuvA8Htff-a8jaCfO4GJymqw&oe=63937788&_nc_sid=282b66,false
41302385437,rksx65x,Sidharth Rao,https://instagram.fblr1-7.fna.fbcdn.net/v/t51.2885-19/313217568_524899155773869_1650309214938294031_n.jpg?stp=dst-jpg_s150x150&_nc_ht=instagram.fblr1-7.fna.fbcdn.net&_nc_cat=101&_nc_ohc=llTPimiEAyoAX89So-1&tn=CTb4kKz1czh79hkh&edm=AOG-cTkBAAAA&ccb=7-5&oh=00_AfAYO87b2pTsMaydom-2y6AIDOGFX8tzhh5LHM0u5L7_Uw&oe=639254D2&_nc_sid=282b66,false
45787192920,trisharamesh9,Trishaaaaaa,https://instagram.fkix2-1.fna.fbcdn.net/v/t51.2885-19/44884218_345707102882519_2446069589734326272_n.jpg?_nc_ht=instagram.fkix2-1.fna.fbcdn.net&_nc_cat=1&_nc_ohc=oe8SiN2GJEIAX-4EVrq&edm=AAnf6ggBAAAA&ccb=7-5&ig_cache_key=YW5vbnltb3VzX3Byb2ZpbGVfcGlj.2-ccb7-5&oh=00_AfDl3vcDq8Ht0VuDu24leRIMi6tSsYuEiTZdX8ExOauTyA&oe=63929A0F&_nc_sid=2adff6,false
51718490929,__.made__of__stardust.__,risha,https://instagram.fblr1-7.fna.fbcdn.net/v/t51.2885-19/312469735_1145116826212602_8674696892141044218_n.jpg?stp=dst-jpg_s150x150&_nc_ht=instagram.fblr1-7.fna.fbcdn.net&_nc_cat=106&_nc_ohc=XdBmVJ7Pd14AX91zUia&edm=AOG-cTkBAAAA&ccb=7-5&oh=00_AfACbm6p7NLPkAg9jLuHBRNv-NtpGbOKotA1zkBA53PSzA&oe=63920986&_nc_sid=282b66,false
53660875619,opanimegamer,Opanimegamer,https://instagram.fblr1-5.fna.fbcdn.net/v/t51.2885-19/288533352_738711180908699_3091923013565220503_n.jpg?stp=dst-jpg_s150x150&_nc_ht=instagram.fblr1-5.fna.fbcdn.net&_nc_cat=111&_nc_ohc=Wmz1bNC-GfkAX8s9STU&edm=AOG-cTkBAAAA&ccb=7-5&oh=00_AfDmZaq9EYbsB3sxG4oN22-pa9ZQ5WUZYLGnKnNURVaUcQ&oe=63932272&_nc_sid=282b66,false
5823664565,yashalilaramanii,yasha lilaramaniðŸ§¿,https://instagram.fblr1-4.fna.fbcdn.net/v/t51.2885-19/314558195_1281982425977309_4987544438245754971_n.jpg?stp=dst-jpg_s150x150&_nc_ht=instagram.fblr1-4.fna.fbcdn.net&_nc_cat=105&_nc_ohc=pJQU-zvgH40AX8mCaqP&edm=AOG-cTkBAAAA&ccb=7-5&oh=00_AfD2Di0NoRjAN7GgoWqdUtWtMlvD7dtabJ2xEqT0LESDPA&oe=63922B6F&_nc_sid=282b66,false
49749703156,a.salian_,Aditya Salian,https://instagram.fblr1-4.fna.fbcdn.net/v/t51.2885-19/306937116_502859727841745_2444246836079558204_n.jpg?stp=dst-jpg_s150x150&_nc_ht=instagram.fblr1-4.fna.fbcdn.net&_nc_cat=105&_nc_ohc=JRq4M9wUiZsAX9z89cM&edm=AOG-cTkBAAAA&ccb=7-5&oh=00_AfAuMYPtYV86AM2gHiXa4n2qLhc2v0BsCIr6y_od1ro5Lg&oe=6392C358&_nc_sid=282b66,false
14301636943,s1aexe,sia,https://instagram.fblr1-3.fna.fbcdn.net/v/t51.2885-19/315582929_1247241419175201_5402434079265231275_n.jpg?stp=dst-jpg_s150x150&_nc_ht=instagram.fblr1-3.fna.fbcdn.net&_nc_cat=109&_nc_ohc=ssWTUBwW2ioAX_SKnAm&edm=AOG-cTkBAAAA&ccb=7-5&oh=00_AfAtyzPCfPuNolZyhEWRSHM89nyLcaJE48qgVrrTjHWDvQ&oe=63926571&_nc_sid=282b66,false
37598061218,parallaxan,sandwich,https://instagram.fblr1-6.fna.fbcdn.net/v/t51.2885-19/314924634_526155859059698_7286396126130229746_n.jpg?stp=dst-jpg_s150x150&_nc_ht=instagram.fblr1-6.fna.fbcdn.net&_nc_cat=102&_nc_ohc=oIHY1tT6qzQAX-IbqJk&edm=AOG-cTkBAAAA&ccb=7-5&oh=00_AfCTpAhkV1YMvf9nakGvG_JG_5I62ByxbKfTH39dUMz9_g&oe=6393027B&_nc_sid=282b66,false
43539145360,i_just_exsist28,Prateekshaaaa,https://instagram.fblr1-7.fna.fbcdn.net/v/t51.2885-19/313020798_617914126354753_2141539991325607972_n.jpg?stp=dst-jpg_s150x150&_nc_ht=instagram.fblr1-7.fna.fbcdn.net&_nc_cat=101&_nc_ohc=di1MJLpbWyQAX_5IhMa&tn=CTb4kKz1czh79hkh&edm=AOG-cTkBAAAA&ccb=7-5&oh=00_AfBV06B1Q8cSzqIcgF3VdGDTaou7X108V4YMhqG02X-yaQ&oe=6392AAB0&_nc_sid=282b66,false
55443587064,fifty_shadesofcrazy,FiftyShadesOfCrazy,https://instagram.fblr1-4.fna.fbcdn.net/v/t51.2885-19/304833947_116626064497973_8661763801847399380_n.jpg?stp=dst-jpg_s150x150&_nc_ht=instagram.fblr1-4.fna.fbcdn.net&_nc_cat=105&_nc_ohc=wAbYzoKQ7g8AX-uGbsY&tn=CTb4kKz1czh79hkh&edm=AOG-cTkBAAAA&ccb=7-5&oh=00_AfCbTOzYOGVkOyOFdnrj4GMaOfwz-N0AHEGcxZNUhDeTXA&oe=6393B034&_nc_sid=282b66,false
32977389426,rowdy_rishik999,Rishik A,https://instagram.fblr1-5.fna.fbcdn.net/v/t51.2885-19/301451666_391137273168411_4085903604078148681_n.jpg?stp=dst-jpg_s150x150&_nc_ht=instagram.fblr1-5.fna.fbcdn.net&_nc_cat=103&_nc_ohc=trnktIqa2d0AX9Ksyff&tn=CTb4kKz1czh79hkh&edm=AOG-cTkBAAAA&ccb=7-5&oh=00_AfCRRfgmKcv-vZWAceqnrORZCIiETbuIq06UPg65X9pOxg&oe=63924CD1&_nc_sid=282b66,false
5880211588,prayush_2496,PRAYUSH,https://instagram.fblr1-6.fna.fbcdn.net/v/t51.2885-19/305701436_859132098313332_559418406605334386_n.jpg?stp=dst-jpg_s150x150&_nc_ht=instagram.fblr1-6.fna.fbcdn.net&_nc_cat=100&_nc_ohc=iNgp1wAVaHcAX_GULAj&edm=AOG-cTkBAAAA&ccb=7-5&oh=00_AfDFgGuKFOGeqNndo5JUFLyi1BGFrrrQVt9AhmDrx7Mu8A&oe=63936C18&_nc_sid=282b66,false
8186264505,yuvhingarh,,https://instagram.fblr1-4.fna.fbcdn.net/v/t51.2885-19/317208213_173647895273417_2770811384474604181_n.jpg?stp=dst-jpg_s150x150&_nc_ht=instagram.fblr1-4.fna.fbcdn.net&_nc_cat=105&_nc_ohc=BDtsb-yaHMQAX9ieljZ&edm=AOG-cTkBAAAA&ccb=7-5&oh=00_AfAAa1tpIxYWuPhbISdd_YOb-N4YfmFE1cLDob7I0nLJeQ&oe=639390EF&_nc_sid=282b66,false
41326027361,ved_gupta127,Ved,https://instagram.fblr1-6.fna.fbcdn.net/v/t51.2885-19/298201654_1740545992962184_5845059550520211279_n.jpg?stp=dst-jpg_s150x150&_nc_ht=instagram.fblr1-6.fna.fbcdn.net&_nc_cat=104&_nc_ohc=TRdMI4IPbfkAX93z_DH&edm=AOG-cTkBAAAA&ccb=7-5&oh=00_AfB-JCcLSKlg8E3quDS1oLxth-482TNpZRN6xSJaQm7Ejg&oe=6392EE86&_nc_sid=282b66,false
55161044254,sushkl_,Sushant,https://instagram.fblr1-7.fna.fbcdn.net/v/t51.2885-19/307764232_157912373521159_296316609473909226_n.jpg?stp=dst-jpg_s150x150&_nc_ht=instagram.fblr1-7.fna.fbcdn.net&_nc_cat=107&_nc_ohc=d-AbphbdrSYAX8qML_p&edm=AOG-cTkBAAAA&ccb=7-5&oh=00_AfB5vTLucKxbm6MIBM6E2FTcN20UFPstlrNidvDvd0oqsw&oe=6393BE97&_nc_sid=282b66,false
52948927325,shrishh_06,shrish,https://instagram.fblr1-6.fna.fbcdn.net/v/t51.2885-19/306686344_192058473263522_7414379074069547041_n.jpg?stp=dst-jpg_s150x150&_nc_ht=instagram.fblr1-6.fna.fbcdn.net&_nc_cat=102&_nc_ohc=1EA45kZa0HYAX8Iz0xC&edm=AOG-cTkBAAAA&ccb=7-5&oh=00_AfDIU7VEQca0a5r2c5zj4KUbn939yqxfDjBzzDbeGE6M5Q&oe=6392DDED&_nc_sid=282b66,false
51843262572,aneeesh007,aneesh,https://instagram.fblr1-6.fna.fbcdn.net/v/t51.2885-19/307795743_824463392066116_1590137947390519771_n.jpg?stp=dst-jpg_s150x150&_nc_ht=instagram.fblr1-6.fna.fbcdn.net&_nc_cat=104&_nc_ohc=g_2c6_TtOF4AX8t0MnY&tn=CTb4kKz1czh79hkh&edm=AOG-cTkBAAAA&ccb=7-5&oh=00_AfAdX1NRKTUxI5K9tDZKhTOVOROQsJMkMZFLfU0Y2bLmdw&oe=6392D908&_nc_sid=282b66,false
54932525819,oven_underscore,avanti <3,https://instagram.fblr1-6.fna.fbcdn.net/v/t51.2885-19/305930065_187193987057124_2712331414276075451_n.jpg?stp=dst-jpg_s150x150&_nc_ht=instagram.fblr1-6.fna.fbcdn.net&_nc_cat=100&_nc_ohc=YmeQGBSaN3MAX894ybt&edm=AOG-cTkBAAAA&ccb=7-5&oh=00_AfB8pUAbkdI3RAk1whRfdYVTvMyJLJm7ze0pbqoGGPzivg&oe=639327B3&_nc_sid=282b66,false
36278217787,sanath70700,sanath,https://instagram.fblr1-4.fna.fbcdn.net/v/t51.2885-19/188858290_4222764051107984_937766724047205258_n.jpg?stp=dst-jpg_s150x150&_nc_ht=instagram.fblr1-4.fna.fbcdn.net&_nc_cat=108&_nc_ohc=CNjt3_t6YmIAX-toB_G&edm=AOG-cTkBAAAA&ccb=7-5&oh=00_AfAf-8FNFj9O7j7Gu9cchjFfe3Vg-bu9MkeRVqoj9M0jAQ&oe=63931D33&_nc_sid=282b66,false
21894201637,arshla.r,Arshla,https://instagram.fblr1-4.fna.fbcdn.net/v/t51.2885-19/296057371_1054896971837069_7225734623500721970_n.jpg?stp=dst-jpg_s150x150&_nc_ht=instagram.fblr1-4.fna.fbcdn.net&_nc_cat=105&_nc_ohc=vy7aHODUHhYAX-wvzx1&tn=CTb4kKz1czh79hkh&edm=AOG-cTkBAAAA&ccb=7-5&oh=00_AfAtjLfPaOi98oKZ3peg1ukZExZGx8SAxnyOCDdfoLJrBA&oe=6393838A&_nc_sid=282b66,false
50663054978,sansukoritee,Sans,https://instagram.fblr1-6.fna.fbcdn.net/v/t51.2885-19/301656495_5385814674834184_4877190749958300596_n.jpg?stp=dst-jpg_s150x150&_nc_ht=instagram.fblr1-6.fna.fbcdn.net&_nc_cat=104&_nc_ohc=t2RQC0VNe4gAX_smBdr&tn=CTb4kKz1czh79hkh&edm=AOG-cTkBAAAA&ccb=7-5&oh=00_AfArFp2okcL08Ep8ei5GMuJ2jdylzLcf8JupRLds5O5yHg&oe=639255FB&_nc_sid=282b66,false
50013001999,itsurmomgoyal,i married a whore,https://instagram.fblr1-6.fna.fbcdn.net/v/t51.2885-19/305283856_648278323321072_1537275866358538620_n.jpg?stp=dst-jpg_s150x150&_nc_ht=instagram.fblr1-6.fna.fbcdn.net&_nc_cat=104&_nc_ohc=GrM6fF4phtMAX8yE8WS&tn=CTb4kKz1czh79hkh&edm=AOG-cTkBAAAA&ccb=7-5&oh=00_AfAUREytBZEKI9TrvZu2HNHQUAc5lMQxsiO1j55XANDQRg&oe=639249EB&_nc_sid=282b66,false
33249300520,tiararastogii,tiara,https://instagram.fblr1-7.fna.fbcdn.net/v/t51.2885-19/318155559_1490186378167351_8752069843245425961_n.jpg?stp=dst-jpg_s150x150&_nc_ht=instagram.fblr1-7.fna.fbcdn.net&_nc_cat=107&_nc_ohc=IfiDN99vQpwAX-a0kwM&edm=AOG-cTkBAAAA&ccb=7-5&oh=00_AfBdeks5i3MC8BfkDwS5P1DuZnnDphbAiTznS3xdGB-zdg&oe=6392DA38&_nc_sid=282b66,false
51233836544,shrish.pvt06,shrish,https://instagram.fblr1-5.fna.fbcdn.net/v/t51.2885-19/315965840_513620237348115_147207300652817627_n.jpg?stp=dst-jpg_s150x150&_nc_ht=instagram.fblr1-5.fna.fbcdn.net&_nc_cat=103&_nc_ohc=SdI882z9AscAX-c2SSG&edm=AOG-cTkBAAAA&ccb=7-5&oh=00_AfAZKl_IeHr-H_HSRuJ0JTwhU8CnSUNLq3j3Nl0VNAqPkw&oe=6392E91A&_nc_sid=282b66,false
46725193218,krish_08x,ð¤ð–—ð–Žàº®ð– â›“,https://instagram.fblr1-7.fna.fbcdn.net/v/t51.2885-19/317926455_539173804733521_7205855336208184085_n.jpg?stp=dst-jpg_s150x150&_nc_ht=instagram.fblr1-7.fna.fbcdn.net&_nc_cat=101&_nc_ohc=tU36Qr9jDgwAX9rSNVo&edm=AOG-cTkBAAAA&ccb=7-5&oh=00_AfCvQdVzS9n68CV3aQoEt2roMSqVgPlxEhzReHot8NHKJQ&oe=63928735&_nc_sid=282b66,false
54553221645,nokiadump,nitya,https://instagram.fblr1-7.fna.fbcdn.net/v/t51.2885-19/316721697_131539459711867_6077180416192066949_n.jpg?stp=dst-jpg_s150x150&_nc_ht=instagram.fblr1-7.fna.fbcdn.net&_nc_cat=107&_nc_ohc=VU0S_ZoV0KgAX-hzJyA&edm=AOG-cTkBAAAA&ccb=7-5&oh=00_AfAionV_mTsURN6AZh2_viuUSZ1H_ESrYGnZVDRaoS_kdA&oe=6391CC1E&_nc_sid=282b66,false
54527893941,_hiiyaaaaa,Hiyaa,https://instagram.fblr1-7.fna.fbcdn.net/v/t51.2885-19/298512056_465251865178891_4524542880478925914_n.jpg?stp=dst-jpg_s150x150&_nc_ht=instagram.fblr1-7.fna.fbcdn.net&_nc_cat=107&_nc_ohc=VNuNuz4WqU8AX9ah3NE&edm=AOG-cTkBAAAA&ccb=7-5&oh=00_AfAOTwmDBItB8iLSqHJLxSYxN-BwdCIW-cuGEQk6TH8p8w&oe=639314EA&_nc_sid=282b66,false
40825242865,maaanyasinghh,Maanya Singh,https://instagram.fblr1-3.fna.fbcdn.net/v/t51.2885-19/312081162_509885274048981_625395811954874959_n.jpg?stp=dst-jpg_s150x150&_nc_ht=instagram.fblr1-3.fna.fbcdn.net&_nc_cat=109&_nc_ohc=w0IH2My0vtAAX8ymKjv&edm=AOG-cTkBAAAA&ccb=7-5&oh=00_AfD5mruQzcpySg3xiB4eW5S6yiarirg_XcrTKOOGcFIpSw&oe=63926A72&_nc_sid=282b66,false
7398177695,aeshaan_1212,Aeshaan,https://instagram.fblr1-5.fna.fbcdn.net/v/t51.2885-19/306516176_3181109548869719_4870024036085434320_n.jpg?stp=dst-jpg_s150x150&_nc_ht=instagram.fblr1-5.fna.fbcdn.net&_nc_cat=111&_nc_ohc=A479zncUAvQAX9Cf2_W&edm=AOG-cTkBAAAA&ccb=7-5&oh=00_AfAKi5AQk_aZLodoesO4H0e4oiYcOccHtd6zTSvNNXCn0A&oe=63931C59&_nc_sid=282b66,false
52050076136,farah_rabja6,farah_rabja,https://instagram.fblr1-6.fna.fbcdn.net/v/t51.2885-19/317229211_688429059509932_5564551216730908317_n.jpg?stp=dst-jpg_s150x150&_nc_ht=instagram.fblr1-6.fna.fbcdn.net&_nc_cat=104&_nc_ohc=qhGXPfztKXcAX87R5TQ&edm=AOG-cTkBAAAA&ccb=7-5&oh=00_AfATgmZ_LXiFly7mtaNG7Az1NHuF9ERUrOekmmlWrIGmFw&oe=6391DB74&_nc_sid=282b66,false
51285901378,defnotbecky,Beckyyy,https://instagram.fblr1-5.fna.fbcdn.net/v/t51.2885-19/318195103_1320257058792855_4863199897426703011_n.jpg?stp=dst-jpg_s150x150&_nc_ht=instagram.fblr1-5.fna.fbcdn.net&_nc_cat=103&_nc_ohc=03uQtpqbuLwAX-uNd00&edm=AOG-cTkBAAAA&ccb=7-5&oh=00_AfCLnWM-f1cJeohUAINVu3j8mE0xYYqbubFVyIpSsxzJ7Q&oe=6392F105&_nc_sid=282b66,false
46283708254,__mxhi,mahi,https://instagram.fblr1-6.fna.fbcdn.net/v/t51.2885-19/318461551_547620336855122_7415795063063551026_n.jpg?stp=dst-jpg_s150x150&_nc_ht=instagram.fblr1-6.fna.fbcdn.net&_nc_cat=102&_nc_ohc=Ve0cU_v5-7EAX9VErTz&edm=AOG-cTkBAAAA&ccb=7-5&oh=00_AfCVtf7LAGX_xK6Br-p81KBULkZmiQJ7U_5iztLBKX6yxw&oe=6392C7F9&_nc_sid=282b66,false
7173932086,mekssen,Meks Sen,https://instagram.fblr1-7.fna.fbcdn.net/v/t51.2885-19/311135288_785079419389879_7714761828808344090_n.jpg?stp=dst-jpg_s150x150&_nc_ht=instagram.fblr1-7.fna.fbcdn.net&_nc_cat=107&_nc_ohc=fZRcNVwn6fMAX-7oz5h&tn=CTb4kKz1czh79hkh&edm=AOG-cTkBAAAA&ccb=7-5&oh=00_AfAq2eWAousixUHXgG6VvIhklR84etzCAYzgBjJCmbXpWg&oe=63925255&_nc_sid=282b66,false
48011388488,ishan_jain2000,Ishaan jain IIS Bangalore,https://instagram.fblr1-4.fna.fbcdn.net/v/t51.2885-19/293305692_1374611026362113_3543062776744985608_n.jpg?stp=dst-jpg_s150x150&_nc_ht=instagram.fblr1-4.fna.fbcdn.net&_nc_cat=105&_nc_ohc=ABNaFuDuDwIAX-NENfF&tn=CTb4kKz1czh79hkh&edm=AOG-cTkBAAAA&ccb=7-5&oh=00_AfA0Cc1kTC-vRi_Szr1uXZTNVKyFzxFJAVT6pPMB9r4Syg&oe=63920DE4&_nc_sid=282b66,false
2922408250,ajha1371,Anupama Jha,https://instagram.fblr1-6.fna.fbcdn.net/v/t51.2885-19/309653655_642846190703532_7672958835142716574_n.jpg?stp=dst-jpg_s150x150&_nc_ht=instagram.fblr1-6.fna.fbcdn.net&_nc_cat=100&_nc_ohc=9MEpN-Ska_sAX8Tufvo&edm=AOG-cTkBAAAA&ccb=7-5&oh=00_AfBWmnBOlZZ9hEhVXi3ARjEtY169pJGFNY5YmACnEqxydg&oe=6391D385&_nc_sid=282b66,false
53667530048,synchshot,VALORANT,https://instagram.fblr1-4.fna.fbcdn.net/v/t51.2885-19/288501836_1052026005406733_287033461835066240_n.jpg?stp=dst-jpg_s150x150&_nc_ht=instagram.fblr1-4.fna.fbcdn.net&_nc_cat=105&_nc_ohc=BHLzwg4PvpEAX8k_-lN&edm=AOG-cTkBAAAA&ccb=7-5&oh=00_AfDYObA8v8NdG7GNO0H9lhuSxGQkchtNIDGl3ppYczti3A&oe=63934962&_nc_sid=282b66,false
50602514226,fr.vibbii,,https://instagram.fblr1-7.fna.fbcdn.net/v/t51.2885-19/292437742_109609561745443_8991650320175120083_n.jpg?stp=dst-jpg_s150x150&_nc_ht=instagram.fblr1-7.fna.fbcdn.net&_nc_cat=107&_nc_ohc=097wK5AfdjgAX9AquF1&edm=AOG-cTkBAAAA&ccb=7-5&oh=00_AfCnCJzQPE7Tl1YyVUpCmmXbq4idbyz1p6tdjyUqWROBAA&oe=6392FF00&_nc_sid=282b66,false
4097897510,dileep_saga,DILEEP SAGA ðŸ’«,https://instagram.fblr1-4.fna.fbcdn.net/v/t51.2885-19/315972516_865089281328413_6608179428274854958_n.jpg?stp=dst-jpg_s150x150&_nc_ht=instagram.fblr1-4.fna.fbcdn.net&_nc_cat=105&_nc_ohc=4of-NaB8cG0AX8vtCBT&edm=AOG-cTkBAAAA&ccb=7-5&oh=00_AfA02CDpUguEV7r0qQiCQA16ogDwYnHM8BgOmtZOBQXxyw&oe=6392733D&_nc_sid=282b66,false
28136177321,_____manihimamsh__,Himamsh,https://instagram.fblr1-7.fna.fbcdn.net/v/t51.2885-19/44884218_345707102882519_2446069589734326272_n.jpg?_nc_ht=instagram.fblr1-7.fna.fbcdn.net&_nc_cat=1&_nc_ohc=oe8SiN2GJEIAX8wFkk3&edm=AOG-cTkBAAAA&ccb=7-5&ig_cache_key=YW5vbnltb3VzX3Byb2ZpbGVfcGlj.2-ccb7-5&oh=00_AfAwapeUr_NOm3kLQz4N9pBCjCnM2L33IuIXJICQhgJpKA&oe=63929A0F&_nc_sid=282b66,false
52102626130,vedz_spam_,gÃ¦ asf vedz,https://instagram.fblr1-6.fna.fbcdn.net/v/t51.2885-19/308538792_828755311894912_2874286291163318380_n.jpg?stp=dst-jpg_s150x150&_nc_ht=instagram.fblr1-6.fna.fbcdn.net&_nc_cat=104&_nc_ohc=ms13GYuxutwAX8RwYTp&tn=CTb4kKz1czh79hkh&edm=AOG-cTkBAAAA&ccb=7-5&oh=00_AfA2JDqAaPYbJSSgieNjGjyKe-ScxW5SPqWMSZic_uWsYw&oe=639203A3&_nc_sid=282b66,false
50201604146,vishalpraj0512,Vishal Prajwal,https://instagram.fblr1-5.fna.fbcdn.net/v/t51.2885-19/287576370_1258188821255242_3101929037867235965_n.jpg?stp=dst-jpg_s150x150&_nc_ht=instagram.fblr1-5.fna.fbcdn.net&_nc_cat=110&_nc_ohc=tURdufig5pwAX_qLjNJ&edm=AOG-cTkBAAAA&ccb=7-5&oh=00_AfCTTws07sjXC4I32oGea4jGiOEI6tgt87FLIldRbByzqQ&oe=63923B76&_nc_sid=282b66,false
52246610097,venbanathar,Venba,https://instagram.fblr1-5.fna.fbcdn.net/v/t51.2885-19/279708979_1139436210242278_876102296990366368_n.jpg?stp=dst-jpg_s150x150&_nc_ht=instagram.fblr1-5.fna.fbcdn.net&_nc_cat=110&_nc_ohc=Uy68aSHOJXsAX_w6_aG&tn=CTb4kKz1czh79hkh&edm=AOG-cTkBAAAA&ccb=7-5&oh=00_AfDGzwCj7yZ8sD30c84C4HY798zByKX_FnnTYSa98re_PQ&oe=6393A476&_nc_sid=282b66,false
48635938526,xyz_69.vaby,Manaswi,https://instagram.fblr1-5.fna.fbcdn.net/v/t51.2885-19/310823513_609109734244031_6789128448910397949_n.jpg?stp=dst-jpg_s150x150&_nc_ht=instagram.fblr1-5.fna.fbcdn.net&_nc_cat=111&_nc_ohc=dsziTKXZFEEAX9c-t9T&edm=AOG-cTkBAAAA&ccb=7-5&oh=00_AfBE9HUkPdULxszUCBL30KvMzX0dBO97eSdTkMLNVrMPJw&oe=63925229&_nc_sid=282b66,false
53595205262,r.e.t.4.n,sarthak,https://instagram.fblr1-7.fna.fbcdn.net/v/t51.2885-19/44884218_345707102882519_2446069589734326272_n.jpg?_nc_ht=instagram.fblr1-7.fna.fbcdn.net&_nc_cat=1&_nc_ohc=oe8SiN2GJEIAX8wFkk3&edm=AOG-cTkBAAAA&ccb=7-5&ig_cache_key=YW5vbnltb3VzX3Byb2ZpbGVfcGlj.2-ccb7-5&oh=00_AfAwapeUr_NOm3kLQz4N9pBCjCnM2L33IuIXJICQhgJpKA&oe=63929A0F&_nc_sid=282b66,false
52524721899,asha_sj,asha,https://instagram.fblr1-7.fna.fbcdn.net/v/t51.2885-19/44884218_345707102882519_2446069589734326272_n.jpg?_nc_ht=instagram.fblr1-7.fna.fbcdn.net&_nc_cat=1&_nc_ohc=oe8SiN2GJEIAX8wFkk3&edm=AOG-cTkBAAAA&ccb=7-5&ig_cache_key=YW5vbnltb3VzX3Byb2ZpbGVfcGlj.2-ccb7-5&oh=00_AfAwapeUr_NOm3kLQz4N9pBCjCnM2L33IuIXJICQhgJpKA&oe=63929A0F&_nc_sid=282b66,false
53631200628,highlyperseus298,,https://instagram.fblr1-6.fna.fbcdn.net/v/t51.2885-19/285544505_340706624867928_2861792111963856068_n.jpg?stp=dst-jpg_s150x150&_nc_ht=instagram.fblr1-6.fna.fbcdn.net&_nc_cat=100&_nc_ohc=l7bcqqZKZGYAX_bozVa&edm=AOG-cTkBAAAA&ccb=7-5&oh=00_AfC5ZLY2crhUsy563u-YAMo8onvv2nMDe8hAcAwxvzfmuQ&oe=63923638&_nc_sid=282b66,false
49577192863,ruru_spam28,ruhan,https://instagram.fblr1-5.fna.fbcdn.net/v/t51.2885-19/242920420_229350209173402_7045225241101592509_n.jpg?stp=dst-jpg_s150x150&_nc_ht=instagram.fblr1-5.fna.fbcdn.net&_nc_cat=110&_nc_ohc=er7UEiQxHtAAX_Lk5FK&edm=AOG-cTkBAAAA&ccb=7-5&oh=00_AfD_hDvkb68buagkcVIAXy_7ORIYlJPrVTo_govuJgNHZw&oe=6391E0D2&_nc_sid=282b66,false
44353199632,thanvanth_j,Thanvanth,https://instagram.fblr1-7.fna.fbcdn.net/v/t51.2885-19/279802249_531048855364213_488556198442720354_n.jpg?stp=dst-jpg_s150x150&_nc_ht=instagram.fblr1-7.fna.fbcdn.net&_nc_cat=101&_nc_ohc=VKzUB4IAbMEAX94F4CW&tn=CTb4kKz1czh79hkh&edm=AOG-cTkBAAAA&ccb=7-5&oh=00_AfDTDE0qRkE7n0gzO5J38VnOGg4HEmd4f0xM26mMnSRLeA&oe=6392952B&_nc_sid=282b66,false
48937163449,moizb08,Moiz Bharmal,https://instagram.fblr1-5.fna.fbcdn.net/v/t51.2885-19/288193840_135920029061554_4300311737149034264_n.jpg?stp=dst-jpg_s150x150&_nc_ht=instagram.fblr1-5.fna.fbcdn.net&_nc_cat=110&_nc_ohc=DUYTQvKUx8UAX8dY8m3&edm=AOG-cTkBAAAA&ccb=7-5&oh=00_AfAfuhFLcnHxJXXUDgCO_Y36p4crv0VP9zK7tjY5JiUoWA&oe=6392EC0F&_nc_sid=282b66,false
53223995139,sahithiiscoal,sahathi,https://instagram.fblr1-5.fna.fbcdn.net/v/t51.2885-19/317069397_664475925208899_8901185573235119840_n.jpg?stp=dst-jpg_s150x150&_nc_ht=instagram.fblr1-5.fna.fbcdn.net&_nc_cat=103&_nc_ohc=1doE0A14y9UAX-NA8rn&edm=AOG-cTkBAAAA&ccb=7-5&oh=00_AfDty4tad-TtRSsfXFrl_tkved-PhLtZaFsFjmU_o5N_PQ&oe=6392CB81&_nc_sid=282b66,false
53218098337,aarriniimalhotr.a,aarriniðŸ§šðŸ»â€â™€ï¸,https://instagram.fblr1-7.fna.fbcdn.net/v/t51.2885-19/44884218_345707102882519_2446069589734326272_n.jpg?_nc_ht=instagram.fblr1-7.fna.fbcdn.net&_nc_cat=1&_nc_ohc=oe8SiN2GJEIAX8wFkk3&edm=AOG-cTkBAAAA&ccb=7-5&ig_cache_key=YW5vbnltb3VzX3Byb2ZpbGVfcGlj.2-ccb7-5&oh=00_AfAwapeUr_NOm3kLQz4N9pBCjCnM2L33IuIXJICQhgJpKA&oe=63929A0F&_nc_sid=282b66,false
21273275710,es.h.a,eÑ•Ð½aâ™¡ï¸Ž,https://instagram.fblr1-5.fna.fbcdn.net/v/t51.2885-19/313354089_175450578411179_5876859002163619226_n.jpg?stp=dst-jpg_s150x150&_nc_ht=instagram.fblr1-5.fna.fbcdn.net&_nc_cat=111&_nc_ohc=j_dqYl6zv0AAX8ulyv9&tn=CTb4kKz1czh79hkh&edm=AOG-cTkBAAAA&ccb=7-5&oh=00_AfC2WCZM6I6CNyE0hWbYg0ouDyTnWt0ms0Kly3pSxA-Rcw&oe=6392D71A&_nc_sid=282b66,false
45072166905,devgaikwad49,Dev Gaikwad,https://instagram.fblr1-7.fna.fbcdn.net/v/t51.2885-19/274932547_279052167675174_4074369976253226684_n.jpg?stp=dst-jpg_s150x150&_nc_ht=instagram.fblr1-7.fna.fbcdn.net&_nc_cat=106&_nc_ohc=GD04gm3mnTsAX_VqfuD&edm=AOG-cTkBAAAA&ccb=7-5&oh=00_AfAlN0k_XaLUsRgQxXFQNrAFBr8V0l8DkyCurzJ-BnWffQ&oe=63921D0A&_nc_sid=282b66,false
4720830861,_chetan_21__,Chetan Dharmavarapu,https://instagram.fblr1-6.fna.fbcdn.net/v/t51.2885-19/273211015_466241011797338_5406875371660127700_n.jpg?stp=dst-jpg_s150x150&_nc_ht=instagram.fblr1-6.fna.fbcdn.net&_nc_cat=102&_nc_ohc=LfYW3JCbtQQAX8igrF5&tn=CTb4kKz1czh79hkh&edm=AOG-cTkBAAAA&ccb=7-5&oh=00_AfA1s9GOg2u5FFehDisaB105g95TeAUjJs2JCVNoUTkH1A&oe=6391E4F4&_nc_sid=282b66,false
8612256748,rebecca_anand,Becky ðŸ¤,https://instagram.fblr1-3.fna.fbcdn.net/v/t51.2885-19/256295669_588396845708001_7640846546245030986_n.jpg?stp=dst-jpg_s150x150&_nc_ht=instagram.fblr1-3.fna.fbcdn.net&_nc_cat=109&_nc_ohc=kXlALR1JcW8AX9uGpVY&edm=AOG-cTkBAAAA&ccb=7-5&oh=00_AfBPK4vHR2-1l_3FUtIgx3MvJlDP79eRd81jmwU4-Yvcaw&oe=6392DABA&_nc_sid=282b66,false
9433551219,kowal_ski17,Keven,https://instagram.fblr1-5.fna.fbcdn.net/v/t51.2885-19/287944560_572097160932202_8650652181974116328_n.jpg?stp=dst-jpg_s150x150&_nc_ht=instagram.fblr1-5.fna.fbcdn.net&_nc_cat=110&_nc_ohc=FIz7zP0gddwAX-okaQ_&edm=AOG-cTkBAAAA&ccb=7-5&oh=00_AfAhkz5z5wv8PyZwBKRLa8zkfa0h0RAdZGmfRU2qWVvxEw&oe=63931A8C&_nc_sid=282b66,false
44589502416,arnav_kulkarni8099,LÏ…Â¢Î¹Æ’Ñ”ðš›â¥ï®©ï®©à¿,https://instagram.fblr1-7.fna.fbcdn.net/v/t51.2885-19/314777785_460740419288521_1921594765789108486_n.jpg?stp=dst-jpg_s150x150&_nc_ht=instagram.fblr1-7.fna.fbcdn.net&_nc_cat=101&_nc_ohc=K7Y2c226FPIAX-IdzIb&edm=AOG-cTkBAAAA&ccb=7-5&oh=00_AfAt0CHwN81nK6I7cHErXBEZqfMLNdyYcue8_LQBo23s5A&oe=6393815A&_nc_sid=282b66,false
5648756417,ch4rlotte.jgr,charlotte,https://instagram.fblr1-7.fna.fbcdn.net/v/t51.2885-19/312638683_1288243091925690_676710539011176116_n.jpg?stp=dst-jpg_s150x150&_nc_ht=instagram.fblr1-7.fna.fbcdn.net&_nc_cat=106&_nc_ohc=mizotIGa6HgAX-8b8Nj&edm=AOG-cTkBAAAA&ccb=7-5&oh=00_AfBkx5kgSj6OwVIxxBl6FoVt0vq-mpvyAeyHMzZHzdxQjQ&oe=6392C0A5&_nc_sid=282b66,false
51801172962,whoiskeona,á´‹á´‡á´ <3,https://instagram.fblr1-4.fna.fbcdn.net/v/t51.2885-19/316136133_1167666330795512_4970898836963917120_n.jpg?stp=dst-jpg_s150x150&_nc_ht=instagram.fblr1-4.fna.fbcdn.net&_nc_cat=108&_nc_ohc=SenxISeCj3UAX9exO5T&edm=AOG-cTkBAAAA&ccb=7-5&oh=00_AfBrxXhb1AARR8p5QEfPxnM3A3KEvpdTut-EUxe9An_kUQ&oe=63931F68&_nc_sid=282b66,false
49541216091,keerthi_4538,Keerthi,https://instagram.fblr1-4.fna.fbcdn.net/v/t51.2885-19/241736282_963697594487696_4681336831094933320_n.jpg?stp=dst-jpg_s150x150&_nc_ht=instagram.fblr1-4.fna.fbcdn.net&_nc_cat=108&_nc_ohc=OjdIfBCEQcwAX--ybaj&edm=AOG-cTkBAAAA&ccb=7-5&oh=00_AfDjwF8QWdSmJLt0fE7AI6DxUTvBaG4P4nJRyf6NGn_tzg&oe=63933B79&_nc_sid=282b66,false
9478980636,ruhan.srisrimal,Ruhan,https://instagram.fblr1-7.fna.fbcdn.net/v/t51.2885-19/241760789_1009599936527562_6002783497832075986_n.jpg?stp=dst-jpg_s150x150&_nc_ht=instagram.fblr1-7.fna.fbcdn.net&_nc_cat=106&_nc_ohc=2JfFIycD0NIAX_Y5rUe&tn=CTb4kKz1czh79hkh&edm=AOG-cTkBAAAA&ccb=7-5&oh=00_AfDVV7PO3up35okkVsV2hx9Qhv9oDGUkKxfzz-j1rl2m_w&oe=6392DF04&_nc_sid=282b66,false
9442955761,tejalravi,â¤ï¸â€ðŸ©¹TejalRaviâ¤ï¸â€ðŸ©¹,https://instagram.fblr1-7.fna.fbcdn.net/v/t51.2885-19/316055210_5532621560125794_3699292832713140888_n.jpg?stp=dst-jpg_s150x150&_nc_ht=instagram.fblr1-7.fna.fbcdn.net&_nc_cat=106&_nc_ohc=WElZQ4U03J8AX8WWPWg&tn=CTb4kKz1czh79hkh&edm=AOG-cTkBAAAA&ccb=7-5&oh=00_AfB-VigLJ1zVDFpY-YQa862iMleLRZ-sC13HckFZf9Abjg&oe=63937D5A&_nc_sid=282b66,false
17861838796,xnoushix,,https://instagram.fblr1-4.fna.fbcdn.net/v/t51.2885-19/317543271_132398269648109_4797063818961360152_n.jpg?stp=dst-jpg_s150x150&_nc_ht=instagram.fblr1-4.fna.fbcdn.net&_nc_cat=105&_nc_ohc=cLP3E8Lk3tQAX9yI1Yx&tn=CTb4kKz1czh79hkh&edm=AOG-cTkBAAAA&ccb=7-5&oh=00_AfD3HNo2JuuXurHzXl-JGlYpMPCE8UStUQogrYQCvqtTNg&oe=63930033&_nc_sid=282b66,false
51687306224,_thedrug,THe DRUG,https://instagram.fblr1-3.fna.fbcdn.net/v/t51.2885-19/279371977_558714132280473_9004388618862020193_n.jpg?stp=dst-jpg_s150x150&_nc_ht=instagram.fblr1-3.fna.fbcdn.net&_nc_cat=109&_nc_ohc=LmGB_nesoScAX-EFU9f&edm=AOG-cTkBAAAA&ccb=7-5&oh=00_AfBAeB1ZASN7-6jDgOuC25n-8Maqi4fcXz0mgaMhqhCuyg&oe=6393AC24&_nc_sid=282b66,false
42446518838,vedz_hope,VEDZ,https://instagram.fblr1-7.fna.fbcdn.net/v/t51.2885-19/316061592_1190735731786506_2493364561134476500_n.jpg?stp=dst-jpg_s150x150&_nc_ht=instagram.fblr1-7.fna.fbcdn.net&_nc_cat=106&_nc_ohc=5LdfCNkVJX4AX9J9prH&edm=AOG-cTkBAAAA&ccb=7-5&oh=00_AfD-rVn4C0mEkfdRiRYYIjgWRS0MOWzVzu2V3BzQ1H22jQ&oe=6392CBD5&_nc_sid=282b66,false
5603318263,santhosh__05,Santhosh,https://instagram.fblr1-7.fna.fbcdn.net/v/t51.2885-19/268387296_325259162561610_568334662124250550_n.jpg?stp=dst-jpg_s150x150&_nc_ht=instagram.fblr1-7.fna.fbcdn.net&_nc_cat=106&_nc_ohc=8gnnMrhGTkUAX8nLtJJ&edm=AOG-cTkBAAAA&ccb=7-5&oh=00_AfA1Bs6atuqv5Pgs0xxtNpTyAFgZBgUk348BMSyri-Pu3Q&oe=6392B592&_nc_sid=282b66,false
50533880581,amin_tech_un,Amin Tech UN,https://instagram.fblr1-4.fna.fbcdn.net/v/t51.2885-19/273044363_330289262438228_4916893421901982172_n.jpg?stp=dst-jpg_s150x150&_nc_ht=instagram.fblr1-4.fna.fbcdn.net&_nc_cat=108&_nc_ohc=pi27ux51CToAX9XD0QU&tn=CTb4kKz1czh79hkh&edm=AOG-cTkBAAAA&ccb=7-5&oh=00_AfDZz8b2ixVbm-jPKhW4UOryWl2dfb474eBmVqg_qqtd-w&oe=6392B559&_nc_sid=282b66,false
11802960646,daksh_patil_135,Daksh Patil,https://instagram.fblr1-4.fna.fbcdn.net/v/t51.2885-19/298511015_1153427512184132_5487302506348989579_n.jpg?stp=dst-jpg_s150x150&_nc_ht=instagram.fblr1-4.fna.fbcdn.net&_nc_cat=108&_nc_ohc=t3f6ds-W7lAAX83RVDA&edm=AOG-cTkBAAAA&ccb=7-5&oh=00_AfCDMm-VLFIfaA9kKTimB72FxriTE_vn4sS2veUev53AsA&oe=63925ED0&_nc_sid=282b66,false
6311019632,sameer47_,sameer,https://instagram.fblr1-4.fna.fbcdn.net/v/t51.2885-19/290787187_120461127358568_4954859330665473766_n.jpg?stp=dst-jpg_s150x150&_nc_ht=instagram.fblr1-4.fna.fbcdn.net&_nc_cat=108&_nc_ohc=ygBvrK-uTm0AX-H_Rj6&edm=AOG-cTkBAAAA&ccb=7-5&oh=00_AfDUK-lX21yj6VMQrlMXImE35Mml4QEzH_lGHmeUCtXjEA&oe=6391E2BA&_nc_sid=282b66,false
41655020636,fbwlgjs05,ë¥˜ì§€í—Œ/JiHeon Ryu,https://instagram.fblr1-5.fna.fbcdn.net/v/t51.2885-19/242742501_576968146984366_3986351656903874145_n.jpg?stp=dst-jpg_s150x150&_nc_ht=instagram.fblr1-5.fna.fbcdn.net&_nc_cat=110&_nc_ohc=81w_sQ_jfdkAX8p5nk3&edm=AOG-cTkBAAAA&ccb=7-5&oh=00_AfAA8veuaFVk5-YDl-w5tcHTwr8CvVMYNacRI35uMBDoLw&oe=6393524C&_nc_sid=282b66,false
39027032519,ani_ket.2356,ð˜¼ð™£ð™žð™ ð™šð™©ðŸ“®,https://instagram.fblr1-4.fna.fbcdn.net/v/t51.2885-19/314157855_189882476865068_6743533347515516612_n.jpg?stp=dst-jpg_s150x150&_nc_ht=instagram.fblr1-4.fna.fbcdn.net&_nc_cat=108&_nc_ohc=EUGm785ToCAAX9pXEBB&edm=AOG-cTkBAAAA&ccb=7-5&oh=00_AfDRto_0rTp5okaH7cWY6EVHg6qQcSq7XJamZN6DkZgClw&oe=63927D51&_nc_sid=282b66,false
46217220219,darsh__________,Darsh,https://instagram.fblr1-7.fna.fbcdn.net/v/t51.2885-19/311514543_5511655262252869_1064772705453962737_n.jpg?stp=dst-jpg_s150x150&_nc_ht=instagram.fblr1-7.fna.fbcdn.net&_nc_cat=101&_nc_ohc=tbJYDM2Bf8EAX95Jck3&edm=AOG-cTkBAAAA&ccb=7-5&oh=00_AfDSXo8swGkj0Q0cfHpihlkZYlRgvONYybvAjAmf2hkgOQ&oe=63936F90&_nc_sid=282b66,false
44330247487,muneeshh_02,m,https://instagram.fblr1-5.fna.fbcdn.net/v/t51.2885-19/263210135_442359080827523_4045906651982578791_n.jpg?stp=dst-jpg_s150x150&_nc_ht=instagram.fblr1-5.fna.fbcdn.net&_nc_cat=111&_nc_ohc=uCOGQKI_zf8AX9L58vF&edm=AOG-cTkBAAAA&ccb=7-5&oh=00_AfDKA9CPcdAbBa5p7J5AbVDQN0dNBdEzu88RT_0k5haUAg&oe=6392F61D&_nc_sid=282b66,false
44435381767,anushka__5314,anushka,https://instagram.fblr1-7.fna.fbcdn.net/v/t51.2885-19/312104970_523854252892189_1203753131409447062_n.jpg?stp=dst-jpg_s150x150&_nc_ht=instagram.fblr1-7.fna.fbcdn.net&_nc_cat=101&_nc_ohc=zWRiX5TCmtQAX-UJFta&edm=AOG-cTkBAAAA&ccb=7-5&oh=00_AfBtf4N3L57Jc8H3A8e88clP8JAx8VVIO3NTBQjRomo-jw&oe=6393325C&_nc_sid=282b66,false
7799037968,nitinnephro,Nitin Agrawal,https://instagram.fblr1-4.fna.fbcdn.net/v/t51.2885-19/31936330_1681363628626913_2279579906968911872_n.jpg?stp=dst-jpg_s150x150&_nc_ht=instagram.fblr1-4.fna.fbcdn.net&_nc_cat=105&_nc_ohc=GDjKqk3wDQ4AX_-sBXJ&edm=AOG-cTkBAAAA&ccb=7-5&oh=00_AfD89JcWqAeRsOpZLywhkx92Zu9cK1Cp_aNhhfPSWFSyBg&oe=6393821A&_nc_sid=282b66,false
48540512838,makeouthill99x,Shubh Ag,https://instagram.fblr1-6.fna.fbcdn.net/v/t51.2885-19/309528682_630095431852010_776443837525644220_n.jpg?stp=dst-jpg_s150x150&_nc_ht=instagram.fblr1-6.fna.fbcdn.net&_nc_cat=102&_nc_ohc=qVfnzePiVMEAX_ZUqNT&edm=AOG-cTkBAAAA&ccb=7-5&oh=00_AfDnDMbENTvDbuN2tfXnhjRyJWxkWcJ6ViE8g6g1QwK1Cw&oe=6391D076&_nc_sid=282b66,false
47770170898,aneeeesh7,Aneesh,https://instagram.fblr1-6.fna.fbcdn.net/v/t51.2885-19/274037242_647818726462404_4071015956758156410_n.jpg?stp=dst-jpg_s150x150&_nc_ht=instagram.fblr1-6.fna.fbcdn.net&_nc_cat=100&_nc_ohc=h1JX5f9F8scAX8NG8nG&edm=AOG-cTkBAAAA&ccb=7-5&oh=00_AfDHP0kekGOJMvWXgreDRroAYPkSj01WB0oMzeYmIjdD0g&oe=63934734&_nc_sid=282b66,false
20278401223,_sxnsxkritii_,Sanskritii,https://instagram.fblr1-6.fna.fbcdn.net/v/t51.2885-19/311065695_838585707139888_8314502762569564568_n.jpg?stp=dst-jpg_s150x150&_nc_ht=instagram.fblr1-6.fna.fbcdn.net&_nc_cat=104&_nc_ohc=ZvAxd8MrrRYAX-wE8sX&tn=CTb4kKz1czh79hkh&edm=AOG-cTkBAAAA&ccb=7-5&oh=00_AfCQg2LEqN7zicAVSe3AjIG-oHRF7zBVNFCwmGR-gDHKfw&oe=63920E16&_nc_sid=282b66,false
41093324748,jeonggaeun263,ì •ê°€ì€ gaeun,https://instagram.fblr1-7.fna.fbcdn.net/v/t51.2885-19/290994569_138940141830630_3490171733734323043_n.jpg?stp=dst-jpg_s150x150&_nc_ht=instagram.fblr1-7.fna.fbcdn.net&_nc_cat=106&_nc_ohc=HkYJ4pVboMYAX-srsz3&edm=AOG-cTkBAAAA&ccb=7-5&oh=00_AfBx8xxVFEhkIyECYyR-4ISGUnGWtcYhA7jzLi1Cd8T__g&oe=63922D7B&_nc_sid=282b66,false
11857132371,griheetgriheet,Griheet Tandra,https://instagram.fblr1-5.fna.fbcdn.net/v/t51.2885-19/242170832_545361786727018_7153301497239581688_n.jpg?stp=dst-jpg_s150x150&_nc_ht=instagram.fblr1-5.fna.fbcdn.net&_nc_cat=110&_nc_ohc=IZj8sCi0ycQAX8e5vT_&edm=AOG-cTkBAAAA&ccb=7-5&oh=00_AfCWl1lrD42rdHAVM_jY440kCdnieyDqznzZ5Z_tyfZ7og&oe=6391CDC3&_nc_sid=282b66,false
37849119047,hryday_chelwani,Hryday_chelwani,https://instagram.fblr1-3.fna.fbcdn.net/v/t51.2885-19/292099462_2868376580130009_1603558411869719729_n.jpg?stp=dst-jpg_s150x150&_nc_ht=instagram.fblr1-3.fna.fbcdn.net&_nc_cat=109&_nc_ohc=txIVtV9-XswAX-j0iom&edm=AOG-cTkBAAAA&ccb=7-5&oh=00_AfDdpMshKwJ3aOCXisq_pDudRT7RKg4SzMXjl6RxnI8Syg&oe=6392F739&_nc_sid=282b66,false
6128773784,whoissanskarr,Sanskar Gupta,https://instagram.fblr1-5.fna.fbcdn.net/v/t51.2885-19/257211672_626909925143079_6776080056274888586_n.jpg?stp=dst-jpg_s150x150&_nc_ht=instagram.fblr1-5.fna.fbcdn.net&_nc_cat=103&_nc_ohc=L0RWEPnYav0AX_GtpSC&edm=AOG-cTkBAAAA&ccb=7-5&oh=00_AfBGUi1DkYEEdZYZZX84ZiQ1pH_W7voCjnRSLZhb7w-69Q&oe=63928720&_nc_sid=282b66,false
27612529706,creditap.ai,Creditap | Study Abroad Education loan,https://instagram.fblr1-5.fna.fbcdn.net/v/t51.2885-19/80404664_795028904312199_2215944413085958144_n.jpg?stp=dst-jpg_s150x150&_nc_ht=instagram.fblr1-5.fna.fbcdn.net&_nc_cat=103&_nc_ohc=IkHXuCzEOg4AX8GfR1I&edm=AOG-cTkBAAAA&ccb=7-5&oh=00_AfBOENK6UzLeVpbjyb6xdupCzfgW_Xk6yyDzoL3wB77BXA&oe=6391EAEB&_nc_sid=282b66,false
11864875767,nihal_yechreddy2006,Nihal_Yechreddy,https://instagram.fblr1-6.fna.fbcdn.net/v/t51.2885-19/313018656_1552077915211428_2240927468553423120_n.jpg?stp=dst-jpg_s150x150&_nc_ht=instagram.fblr1-6.fna.fbcdn.net&_nc_cat=100&_nc_ohc=JjfGjqOujuQAX_kFWoj&edm=AOG-cTkBAAAA&ccb=7-5&oh=00_AfBOjmCLtLAtxh4gU1KGhXvat_mdGUD3ueAKgvUso4NWqA&oe=639399F8&_nc_sid=282b66,false
6228988824,_.aarnavagarwal._,Aarnav Agarwal,https://instagram.fblr1-4.fna.fbcdn.net/v/t51.2885-19/244364381_903872900541773_5953752531326851818_n.jpg?stp=dst-jpg_s150x150&_nc_ht=instagram.fblr1-4.fna.fbcdn.net&_nc_cat=105&_nc_ohc=-PAZIp-VT1oAX_QCu8r&edm=AOG-cTkBAAAA&ccb=7-5&oh=00_AfCnS5QAsRVvncBZHAY179RDtTVn0cAEGq11ue4XSPRKoQ&oe=6393895E&_nc_sid=282b66,false
44033820369,x.abhiii__,-Abhinav Mishra-,https://instagram.fblr1-6.fna.fbcdn.net/v/t51.2885-19/306775208_597060762166382_3001759729794975460_n.jpg?stp=dst-jpg_s150x150&_nc_ht=instagram.fblr1-6.fna.fbcdn.net&_nc_cat=102&_nc_ohc=or7eLvhqVG8AX9I5ejH&edm=AOG-cTkBAAAA&ccb=7-5&oh=00_AfBCRUWKawoWd0_XXhgH1u8gUAbzFWKZKwg0qSagBd7wKA&oe=63923C80&_nc_sid=282b66,false
38495155932,adrijac_,adrija,https://instagram.fblr1-6.fna.fbcdn.net/v/t51.2885-19/316146024_666448218191198_5915060933458518840_n.jpg?stp=dst-jpg_s150x150&_nc_ht=instagram.fblr1-6.fna.fbcdn.net&_nc_cat=102&_nc_ohc=XvSZmiiiMSEAX_nxNTT&tn=CTb4kKz1czh79hkh&edm=AOG-cTkBAAAA&ccb=7-5&oh=00_AfBqRhEy7ljQDyTYhl4roCCy7Fqzw381LZWcWKrxuMl6Gg&oe=63926FF6&_nc_sid=282b66,false
48745958675,riiakii_ii,,https://instagram.fdac27-2.fna.fbcdn.net/v/t51.2885-19/44884218_345707102882519_2446069589734326272_n.jpg?efg=eyJybWQiOiJpZ19hbmRyb2lkX21vYmlsZV9uZXR3b3JrX3N0YWNrX2JhY2t0ZXN0X3YyNTlfMjpsaWdlciJ9&_nc_ht=instagram.fdac27-2.fna.fbcdn.net&_nc_cat=1&_nc_ohc=oe8SiN2GJEIAX8mNryD&edm=AGwOo84BAAAA&ccb=7-5&ig_cache_key=YW5vbnltb3VzX3Byb2ZpbGVfcGlj.2-ccb7-5&oh=00_AfDYhn--p6el75QkkJG49DFXQj204K_gHEyO9SYSj0AOlg&oe=63929A0F&_nc_sid=a825b9,false
10495295545,7.31_h,í•œë„ê· ,https://instagram.fblr1-7.fna.fbcdn.net/v/t51.2885-19/271394361_498002008306902_8146574729919683592_n.jpg?stp=dst-jpg_s150x150&_nc_ht=instagram.fblr1-7.fna.fbcdn.net&_nc_cat=106&_nc_ohc=MqTnjA7kQsIAX9a8XU_&edm=AOG-cTkBAAAA&ccb=7-5&oh=00_AfBgFxuIaDI2IiqDTuMr-5mXchiFeRYThtQzm8E91V2RRQ&oe=6391EC80&_nc_sid=282b66,false
7795144298,rahulp.__,ðŸŒ™,https://instagram.fblr1-5.fna.fbcdn.net/v/t51.2885-19/310586718_655376769252514_7231349511843865159_n.jpg?stp=dst-jpg_s150x150&_nc_ht=instagram.fblr1-5.fna.fbcdn.net&_nc_cat=110&_nc_ohc=rKmKno8vE1UAX-EDcd1&tn=CTb4kKz1czh79hkh&edm=AOG-cTkBAAAA&ccb=7-5&oh=00_AfB_dDwbbU3QDv2sn4jetD9MIlSwtUACicmzFIDQK8qJJw&oe=6393B30C&_nc_sid=282b66,false
52138923874,_sanguineeee,sanavi,https://instagram.fblr1-5.fna.fbcdn.net/v/t51.2885-19/314462329_132239422947346_844413177854350577_n.jpg?stp=dst-jpg_s150x150&_nc_ht=instagram.fblr1-5.fna.fbcdn.net&_nc_cat=110&_nc_ohc=YYChtdsQUF4AX_vTmlN&edm=AOG-cTkBAAAA&ccb=7-5&oh=00_AfBLH6bAT7avUGdXAaJ9GZS-p4sodVHj8Sb6hRV84Ey1Pg&oe=639285CB&_nc_sid=282b66,false
51781684957,sarthak80005,Sarthak,https://instagram.fblr1-6.fna.fbcdn.net/v/t51.2885-19/312270267_834936064360238_6783928156371137400_n.jpg?stp=dst-jpg_s150x150&_nc_ht=instagram.fblr1-6.fna.fbcdn.net&_nc_cat=102&_nc_ohc=Bxj03LEnjJQAX8ZIbFx&edm=AOG-cTkBAAAA&ccb=7-5&oh=00_AfD3YqGPIKwYN-YwGaiXd7YuvuHAxQrZ-C86nnpkRZEaHA&oe=63932C07&_nc_sid=282b66,false
51854431064,h0e98,h0e,https://instagram.fblr1-3.fna.fbcdn.net/v/t51.2885-19/315926429_3375674379383925_8636142707523509548_n.jpg?stp=dst-jpg_s150x150&_nc_ht=instagram.fblr1-3.fna.fbcdn.net&_nc_cat=109&_nc_ohc=Edu52eFQ3xkAX_whOKG&edm=AOG-cTkBAAAA&ccb=7-5&oh=00_AfD65XdTyRcz36h6gljSu2cgPRK8q5Q2xGmmDCnazf9tpw&oe=63922860&_nc_sid=282b66,false
51766342389,_moondust_x,...,https://instagram.fblr1-7.fna.fbcdn.net/v/t51.2885-19/297420461_1747465945591674_7082251606257054135_n.jpg?stp=dst-jpg_s150x150&_nc_ht=instagram.fblr1-7.fna.fbcdn.net&_nc_cat=106&_nc_ohc=w83nsYupBtoAX-clTQG&edm=AOG-cTkBAAAA&ccb=7-5&oh=00_AfAS7HuNyZvOPFf2jmhTfJmbKhjvn8I8IEPnrhhkzZ0vJA&oe=6392179D&_nc_sid=282b66,false
337907731,ishfatima,Ishrath Fatima (Ish),https://instagram.fblr1-3.fna.fbcdn.net/v/t51.2885-19/56527937_284748439115133_6886719118397931520_n.jpg?stp=dst-jpg_s150x150&_nc_ht=instagram.fblr1-3.fna.fbcdn.net&_nc_cat=109&_nc_ohc=p__DO4z0kugAX_vIaNZ&edm=AOG-cTkBAAAA&ccb=7-5&oh=00_AfAPH5X8DjIuoDgWkdWdgSBQG974qbujhbLaLHanCNZfqg&oe=6393345A&_nc_sid=282b66,false
49112147669,subhrobagchi_art,Subhro Bagchi,https://instagram.fblr1-6.fna.fbcdn.net/v/t51.2885-19/269892638_473416030884324_5667959230227796885_n.jpg?stp=dst-jpg_s150x150&_nc_ht=instagram.fblr1-6.fna.fbcdn.net&_nc_cat=100&_nc_ohc=ZktaGirl_UsAX89zbOK&tn=CTb4kKz1czh79hkh&edm=AOG-cTkBAAAA&ccb=7-5&oh=00_AfCAO5V-PPQgm25C1CpYDkjJt8h1WNFtwYR-l_oth8QMKg&oe=6393B392&_nc_sid=282b66,false
5006186389,subhrobagchi,Subhro Bagchi,https://instagram.fblr1-5.fna.fbcdn.net/v/t51.2885-19/310966486_125744390081547_8524602096943801230_n.jpg?stp=dst-jpg_s150x150&_nc_ht=instagram.fblr1-5.fna.fbcdn.net&_nc_cat=103&_nc_ohc=rlTKU5D5kBkAX__8SdW&edm=AOG-cTkBAAAA&ccb=7-5&oh=00_AfBAdKZCYctfhYFlEGgtoxnBtCT4HZh6zLaOND9OLSWbbg&oe=6392BFDC&_nc_sid=282b66,false
49973998734,hhansikaaa,Hansika :),https://instagram.fblr1-6.fna.fbcdn.net/v/t51.2885-19/315212300_5968642456500792_444478543506049173_n.jpg?stp=dst-jpg_s150x150&_nc_ht=instagram.fblr1-6.fna.fbcdn.net&_nc_cat=100&_nc_ohc=BnMpLixC4X0AX-Yzxna&tn=CTb4kKz1czh79hkh&edm=AOG-cTkBAAAA&ccb=7-5&oh=00_AfAvm8RaKzmG_Rl-dG2l4upfDPKOslQi2AKu7NQB-2mitA&oe=63931A44&_nc_sid=282b66,false
44737041708,himanshu__118,VERMA HIMANSHU,https://instagram.fblr1-3.fna.fbcdn.net/v/t51.2885-19/275674603_510588937126893_378401077216659082_n.jpg?stp=dst-jpg_s150x150&_nc_ht=instagram.fblr1-3.fna.fbcdn.net&_nc_cat=109&_nc_ohc=UIHI-KHm8ocAX90Ikp-&edm=AOG-cTkBAAAA&ccb=7-5&oh=00_AfDbAizVYHPUIIzNv1NITe8BaA9pvhAdkzSOab5GtruDyw&oe=6392BD19&_nc_sid=282b66,false
7562570217,memanish_dhaya_7,Manish Dhaya,https://instagram.fblr1-4.fna.fbcdn.net/v/t51.2885-19/242836392_248616167193149_365675959436069926_n.jpg?stp=dst-jpg_s150x150&_nc_ht=instagram.fblr1-4.fna.fbcdn.net&_nc_cat=105&_nc_ohc=2yYtVEjhKmMAX_FfRMU&edm=AOG-cTkBAAAA&ccb=7-5&oh=00_AfDcAK9YODCrkm6KWmNUFSW5uPGb7nzi9nahM23X1tKscQ&oe=6392F071&_nc_sid=282b66,false
17856168182,shanayaaa_19,sâ™¡,https://instagram.fblr1-3.fna.fbcdn.net/v/t51.2885-19/317390626_1821490364910897_3874222836105348642_n.jpg?stp=dst-jpg_s150x150&_nc_ht=instagram.fblr1-3.fna.fbcdn.net&_nc_cat=109&_nc_ohc=4VUOGVRxKUcAX_fpbXg&edm=AOG-cTkBAAAA&ccb=7-5&oh=00_AfCy458CL85xd53kLYx9ssn9NnH62biH00EdXjn3OWjf5w&oe=6393A48C&_nc_sid=282b66,false
51162710005,ajayprajapati3576,Ajay Prajapati,https://instagram.fblr1-7.fna.fbcdn.net/v/t51.2885-19/271887412_625364138741166_541690540338271194_n.jpg?stp=dst-jpg_s150x150&_nc_ht=instagram.fblr1-7.fna.fbcdn.net&_nc_cat=106&_nc_ohc=S8EfWP2fUwoAX8OgfXv&tn=CTb4kKz1czh79hkh&edm=AOG-cTkBAAAA&ccb=7-5&oh=00_AfB1T3MmpmbJdzstx3o5JxXZvFGnTMTT5k6nTi4ikFl5Tw&oe=6391F5CE&_nc_sid=282b66,false
51428867245,cutestretriever,Golden Retriever | Puppy | Dog,https://instagram.fblr1-4.fna.fbcdn.net/v/t51.2885-19/295793876_600795558120425_8651953308209511556_n.jpg?stp=dst-jpg_s150x150&_nc_ht=instagram.fblr1-4.fna.fbcdn.net&_nc_cat=105&_nc_ohc=YCkXOBafIRkAX92XiJ8&tn=CTb4kKz1czh79hkh&edm=AOG-cTkBAAAA&ccb=7-5&oh=00_AfDGOvJi7gkC5qLwCXkCHaXkmjvgHGraw_H34VucZ1cC3A&oe=639343FC&_nc_sid=282b66,false
40640039944,___chinxz_7___,Chinmay,https://instagram.fblr1-6.fna.fbcdn.net/v/t51.2885-19/312656977_467100875486162_4886302418097918923_n.jpg?stp=dst-jpg_s150x150&_nc_ht=instagram.fblr1-6.fna.fbcdn.net&_nc_cat=102&_nc_ohc=5Qz4FTpmSQYAX-ZOG7v&edm=AOG-cTkBAAAA&ccb=7-5&oh=00_AfBcavPSmXHkyVNj-Hs5NsYq5aK5cugrenNRhDCf9D_egw&oe=6391E1E8&_nc_sid=282b66,false
51213293765,tanish_panicker_,Tanish P,https://instagram.fblr1-5.fna.fbcdn.net/v/t51.2885-19/308661258_1257305641784242_5635528826918902206_n.jpg?stp=dst-jpg_s150x150&_nc_ht=instagram.fblr1-5.fna.fbcdn.net&_nc_cat=110&_nc_ohc=c43EIWWmNzYAX-YUpgw&edm=AOG-cTkBAAAA&ccb=7-5&oh=00_AfAPehjg6hfoKcndHwb8sNN6dUWjArBk_93vEfl3nKUQag&oe=6393B96A&_nc_sid=282b66,false
48541574361,frosted_blitz,Soham Joshi,https://instagram.fblr1-5.fna.fbcdn.net/v/t51.2885-19/291809341_406316748183490_3154797740080631118_n.jpg?stp=dst-jpg_s150x150&_nc_ht=instagram.fblr1-5.fna.fbcdn.net&_nc_cat=110&_nc_ohc=Xg7CPThzJZYAX-zg9GN&edm=AOG-cTkBAAAA&ccb=7-5&oh=00_AfBueWdekvJOFlst2YecVV3C0ghEhyppHf4eLt14g_YYyA&oe=6392761F&_nc_sid=282b66,false
26324458765,hharesh_r4,hharesh_r,https://instagram.fblr1-5.fna.fbcdn.net/v/t51.2885-19/315150959_694009718725019_8058487874402807824_n.jpg?stp=dst-jpg_s150x150&_nc_ht=instagram.fblr1-5.fna.fbcdn.net&_nc_cat=111&_nc_ohc=bYHxHUaIVioAX99eXcU&edm=AOG-cTkBAAAA&ccb=7-5&oh=00_AfCmPb-Ev10o4UCT-dU1SvRc3cjONZXCZxoDDAitJikO6A&oe=63927828&_nc_sid=282b66,false
49844058993,arnav_spamlord123,Arnav Rai,https://instagram.fblr1-5.fna.fbcdn.net/v/t51.2885-19/295469209_166329549254051_7503994380283755455_n.jpg?stp=dst-jpg_s150x150&_nc_ht=instagram.fblr1-5.fna.fbcdn.net&_nc_cat=111&_nc_ohc=iYDVvZG_cjMAX8HX1rV&edm=AOG-cTkBAAAA&ccb=7-5&oh=00_AfDazep3KVlBmgcvamXaaAJOhPuKWjyX31WkqaSQnebtew&oe=63933EF6&_nc_sid=282b66,false
32302086273,akan_cash777,Akanksha Samriya,https://instagram.fblr1-5.fna.fbcdn.net/v/t51.2885-19/316792407_1224658181424286_5262762345801803389_n.jpg?stp=dst-jpg_s150x150&_nc_ht=instagram.fblr1-5.fna.fbcdn.net&_nc_cat=110&_nc_ohc=astC2McCvNkAX99zYzR&edm=AOG-cTkBAAAA&ccb=7-5&oh=00_AfCC9CrCJFUj8UhnFoC81L2PbZSqyD0wzYBbudMEVU2QgQ&oe=6391D642&_nc_sid=282b66,false
31804372476,dimkshh,,https://instagram.fblr1-6.fna.fbcdn.net/v/t51.2885-19/309185491_608509677726012_5032871213663822934_n.jpg?stp=dst-jpg_s150x150&_nc_ht=instagram.fblr1-6.fna.fbcdn.net&_nc_cat=100&_nc_ohc=MW3poorP7hAAX9PxR9z&edm=AOG-cTkBAAAA&ccb=7-5&oh=00_AfAQEgZkB-0XKHxj8HWoQRPTLLFEILjVXBVGp2sVNeB_tg&oe=63933385&_nc_sid=282b66,false
48299446657,https.niyanta,user,https://instagram.fblr1-5.fna.fbcdn.net/v/t51.2885-19/314508711_1172265380368259_746579956298488436_n.jpg?stp=dst-jpg_s150x150&_nc_ht=instagram.fblr1-5.fna.fbcdn.net&_nc_cat=111&_nc_ohc=xXx84C-FPScAX_1tLI6&edm=AOG-cTkBAAAA&ccb=7-5&oh=00_AfA9W9T-RBaozprgsz1kB49W6U356UvnbpY_VgCQjREASw&oe=6391E59A&_nc_sid=282b66,false
41251155126,cybeserk,,https://instagram.fblr1-7.fna.fbcdn.net/v/t51.2885-19/315492547_1483035295536499_8302800776039771380_n.jpg?stp=dst-jpg_s150x150&_nc_ht=instagram.fblr1-7.fna.fbcdn.net&_nc_cat=107&_nc_ohc=eRh9a51WIJgAX8znUWl&edm=AOG-cTkBAAAA&ccb=7-5&oh=00_AfAXhgSEz797Xt7kk2DLwY64riLUMjdyejIh-9_PhR-otg&oe=6393C287&_nc_sid=282b66,false
50437709933,gerbildroga,Jehan,https://instagram.fblr1-4.fna.fbcdn.net/v/t51.2885-19/278370725_3209079249416552_2909211187841576531_n.jpg?stp=dst-jpg_s150x150&_nc_ht=instagram.fblr1-4.fna.fbcdn.net&_nc_cat=108&_nc_ohc=hMRNTODiqZYAX-LWjZ3&tn=CTb4kKz1czh79hkh&edm=AOG-cTkBAAAA&ccb=7-5&oh=00_AfATUNkAqwr0odV1xh67bxVOOGThCUY5lx_5PcDPm0PK3g&oe=6392772B&_nc_sid=282b66,false
45488475607,thewhat.1,Advay Giradkar,https://instagram.fblr1-7.fna.fbcdn.net/v/t51.2885-19/315976166_869573210867203_7787301133762827137_n.jpg?stp=dst-jpg_s150x150&_nc_ht=instagram.fblr1-7.fna.fbcdn.net&_nc_cat=107&_nc_ohc=QqgIdp-0ic0AX-q4ROA&tn=CTb4kKz1czh79hkh&edm=AOG-cTkBAAAA&ccb=7-5&oh=00_AfBEQJefkeGwYZfa0zUbYzThxaFPRQMTcWFsFtybrcQkPQ&oe=63939903&_nc_sid=282b66,false
45561252694,dippy_neha,Dipzzz & Nehahaha ðŸ˜Ž,https://instagram.fblr1-5.fna.fbcdn.net/v/t51.2885-19/160718061_895854517624395_6057713945334487891_n.jpg?stp=dst-jpg_s150x150&_nc_ht=instagram.fblr1-5.fna.fbcdn.net&_nc_cat=103&_nc_ohc=LjT7_mBpMTcAX8957uu&edm=AOG-cTkBAAAA&ccb=7-5&oh=00_AfDnV64pfH10GRysVbug5ntR9cd7dkJH5V7RQg9eM5JJ5Q&oe=63925DA4&_nc_sid=282b66,false
19006875324,__aditya.ranjan__,Aditya,https://instagram.fblr1-6.fna.fbcdn.net/v/t51.2885-19/315147712_207795101622026_1950488060724652113_n.jpg?stp=dst-jpg_s150x150&_nc_ht=instagram.fblr1-6.fna.fbcdn.net&_nc_cat=102&_nc_ohc=lhSkFnLJzooAX8yE4HJ&edm=AOG-cTkBAAAA&ccb=7-5&oh=00_AfD3K0KXiSAKOQOwMcq2Q2rt_UiAX-FiShGbUz5Y-uMCBQ&oe=63939D50&_nc_sid=282b66,false
34017052874,__advayy,Advay,https://instagram.fblr1-5.fna.fbcdn.net/v/t51.2885-19/316736245_206656825065099_8080520289244728117_n.jpg?stp=dst-jpg_s150x150&_nc_ht=instagram.fblr1-5.fna.fbcdn.net&_nc_cat=103&_nc_ohc=DRF5vmQ2rWoAX91BmSK&edm=AOG-cTkBAAAA&ccb=7-5&oh=00_AfB7kRfpH1ykcpY9BuMBx9VwltoTR-3cZEKAVPl5ZkXLyw&oe=6392EF93&_nc_sid=282b66,false
47326487137,__mel.drop__,risha,https://instagram.fblr1-6.fna.fbcdn.net/v/t51.2885-19/312923520_1154581875478394_6528382276513838464_n.jpg?stp=dst-jpg_s150x150&_nc_ht=instagram.fblr1-6.fna.fbcdn.net&_nc_cat=102&_nc_ohc=U0_8axtbufIAX9fVrlW&edm=AOG-cTkBAAAA&ccb=7-5&oh=00_AfDOaiD1PxnEKHY9eZKqQW81kAIp4HYLxSvRCBtGAy1odg&oe=639309BF&_nc_sid=282b66,false
13985838930,kaashvi_goyal,ðŸ—¿,https://instagram.fdac27-2.fna.fbcdn.net/v/t51.2885-19/44884218_345707102882519_2446069589734326272_n.jpg?efg=eyJybWQiOiJpZ19hbmRyb2lkX21vYmlsZV9uZXR3b3JrX3N0YWNrX2JhY2t0ZXN0X3YyNTlfMjpsaWdlciJ9&_nc_ht=instagram.fdac27-2.fna.fbcdn.net&_nc_cat=1&_nc_ohc=oe8SiN2GJEIAX8mNryD&edm=AGwOo84BAAAA&ccb=7-5&ig_cache_key=YW5vbnltb3VzX3Byb2ZpbGVfcGlj.2-ccb7-5&oh=00_AfDYhn--p6el75QkkJG49DFXQj204K_gHEyO9SYSj0AOlg&oe=63929A0F&_nc_sid=a825b9,false
12258046283,hariprasaad2000,Hariprasaad Saravanan,https://instagram.fdac27-2.fna.fbcdn.net/v/t51.2885-19/44884218_345707102882519_2446069589734326272_n.jpg?efg=eyJybWQiOiJpZ19hbmRyb2lkX21vYmlsZV9uZXR3b3JrX3N0YWNrX2JhY2t0ZXN0X3YyNTlfMjpsaWdlciJ9&_nc_ht=instagram.fdac27-2.fna.fbcdn.net&_nc_cat=1&_nc_ohc=oe8SiN2GJEIAX8mNryD&edm=AGwOo84BAAAA&ccb=7-5&ig_cache_key=YW5vbnltb3VzX3Byb2ZpbGVfcGlj.2-ccb7-5&oh=00_AfDYhn--p6el75QkkJG49DFXQj204K_gHEyO9SYSj0AOlg&oe=63929A0F&_nc_sid=a825b9,false
48371496029,clumsy_manipulator,Chad PunkðŸ“¸,https://instagram.fblr1-3.fna.fbcdn.net/v/t51.2885-19/260755201_145363837829025_6633559237651609116_n.jpg?stp=dst-jpg_s150x150&_nc_ht=instagram.fblr1-3.fna.fbcdn.net&_nc_cat=109&_nc_ohc=9HuApUS46MsAX_kxG0s&tn=CTb4kKz1czh79hkh&edm=AOG-cTkBAAAA&ccb=7-5&oh=00_AfBJzmf1ssebNu79cGV4TJHajIjy0D6omNAHupAly6SnwQ&oe=6393B219&_nc_sid=282b66,false
23680434334,xo.ishi,ishi â€§Ëšâ‚ŠâŠ¹,https://instagram.fblr1-6.fna.fbcdn.net/v/t51.2885-19/312771572_448154750792292_331769250795413896_n.jpg?stp=dst-jpg_s150x150&_nc_ht=instagram.fblr1-6.fna.fbcdn.net&_nc_cat=100&_nc_ohc=6taMu9ken2MAX9Q9H8q&tn=CTb4kKz1czh79hkh&edm=AOG-cTkBAAAA&ccb=7-5&oh=00_AfBRlHzVRePvi6Bny1LI4nodFQIhBeJ1rdC_zWnsdtisyQ&oe=639201FD&_nc_sid=282b66,false
50215863975,aadvikuwu,aadvik,https://instagram.fblr1-4.fna.fbcdn.net/v/t51.2885-19/309701406_483000407051204_531685439799293909_n.jpg?stp=dst-jpg_s150x150&_nc_ht=instagram.fblr1-4.fna.fbcdn.net&_nc_cat=108&_nc_ohc=8gy9N1M76KcAX_IAqXg&tn=CTb4kKz1czh79hkh&edm=AOG-cTkBAAAA&ccb=7-5&oh=00_AfBStSrcDPMXfP2gNM9P32U3B9kqwNRBLb7EOanVyso0ig&oe=6391FE7A&_nc_sid=282b66,false
240810981,kurhade_ashish,,https://instagram.fblr1-5.fna.fbcdn.net/v/t51.2885-19/311710467_787015915742223_2069153632553420742_n.jpg?stp=dst-jpg_s150x150&_nc_ht=instagram.fblr1-5.fna.fbcdn.net&_nc_cat=103&_nc_ohc=Sr5-DI1LZt8AX_KU33y&edm=AOG-cTkBAAAA&ccb=7-5&oh=00_AfAOdLGVqDeYe0nb2lN69e59icA9-ClcnGm0C8RjtaTbOg&oe=6391F3D4&_nc_sid=282b66,false
45520188762,regular_ice_lemon_tea,sHaTAvisHa,https://instagram.fblr1-7.fna.fbcdn.net/v/t51.2885-19/269785649_625149872009869_5994959812518776884_n.jpg?stp=dst-jpg_s150x150&_nc_ht=instagram.fblr1-7.fna.fbcdn.net&_nc_cat=101&_nc_ohc=Z6EYLMvyWmQAX_tI5nz&edm=AOG-cTkBAAAA&ccb=7-5&oh=00_AfAvfqxuSazTIm3zfsHGzozlRbhvrfm5dZ3Ha0j6Ysb7pw&oe=6391F9D9&_nc_sid=282b66,false
5022410870,pathakmanish95,Manish Pathak,https://instagram.fblr1-5.fna.fbcdn.net/v/t51.2885-19/210929323_652352002391350_2120890767797075025_n.jpg?stp=dst-jpg_s150x150&_nc_ht=instagram.fblr1-5.fna.fbcdn.net&_nc_cat=110&_nc_ohc=fzo5XUfJiIkAX9-Vn5K&tn=CTb4kKz1czh79hkh&edm=AOG-cTkBAAAA&ccb=7-5&oh=00_AfBZcmiE67PKPjExDkYdvi20dYvhc6KhfMDF4UDLPMSZDQ&oe=639296AC&_nc_sid=282b66,false
45768732048,abhirams2327,Abhiram,https://instagram.fblr1-4.fna.fbcdn.net/v/t51.2885-19/285630090_145801894693316_374803802971810876_n.jpg?stp=dst-jpg_s150x150&_nc_ht=instagram.fblr1-4.fna.fbcdn.net&_nc_cat=108&_nc_ohc=k8DnHJ-x8oUAX8gfJY7&tn=CTb4kKz1czh79hkh&edm=AOG-cTkBAAAA&ccb=7-5&oh=00_AfC6W3OPe3QrB9T8f8YoIhIlkkSGtRH9ZxtY387BCvX-2Q&oe=63929877&_nc_sid=282b66,false
48901657699,rayan.khan20,Rayan,https://instagram.fblr1-7.fna.fbcdn.net/v/t51.2885-19/264369916_284844147022177_806264474684502655_n.jpg?stp=dst-jpg_s150x150&_nc_ht=instagram.fblr1-7.fna.fbcdn.net&_nc_cat=101&_nc_ohc=kmkHSEVZWRoAX_cku7Y&edm=AOG-cTkBAAAA&ccb=7-5&oh=00_AfDleqcPTrDH71-D9JNTNelEgihMhRMYogGSFga7Xi7xuw&oe=6392CF11&_nc_sid=282b66,false
48387244787,everything_promoter,EVERY_THING_PROMOTER,https://instagram.fblr1-3.fna.fbcdn.net/v/t51.2885-19/240460070_392921222264745_6513487349953840023_n.jpg?stp=dst-jpg_s150x150&_nc_ht=instagram.fblr1-3.fna.fbcdn.net&_nc_cat=109&_nc_ohc=8u3rOsVNInQAX8e6F69&edm=AOG-cTkBAAAA&ccb=7-5&oh=00_AfDRD9mK_t_GJ-dqqgaELpFEaKSiWr8MKFuqTpOyLwVmBA&oe=6392D880&_nc_sid=282b66,false
49466343850,nri_2406,anu<3,https://instagram.fblr1-4.fna.fbcdn.net/v/t51.2885-19/316331475_695129715174860_6989253243611938227_n.jpg?stp=dst-jpg_s150x150&_nc_ht=instagram.fblr1-4.fna.fbcdn.net&_nc_cat=108&_nc_ohc=9x3WnFI_FcAAX-diVFV&tn=CTb4kKz1czh79hkh&edm=AOG-cTkBAAAA&ccb=7-5&oh=00_AfArb0ybyMvyrNqoAEziXcNWaxi1LD0gPz6InG12gYjYvw&oe=63934151&_nc_sid=282b66,false
49083537364,thecomplexity26,Kayen Jain,https://instagram.fblr1-6.fna.fbcdn.net/v/t51.2885-19/299986688_187385667064358_8434067040937108514_n.jpg?stp=dst-jpg_s150x150&_nc_ht=instagram.fblr1-6.fna.fbcdn.net&_nc_cat=102&_nc_ohc=yAvjVeRfs64AX-KlKnV&edm=AOG-cTkBAAAA&ccb=7-5&oh=00_AfCvTrfALswWYwQ5DaBon9pB0SOct8o45fPaPf2YH6BqtA&oe=6392F6D3&_nc_sid=282b66,false
47969370633,ash_rit892,Ashrit Hosur,https://instagram.fblr1-4.fna.fbcdn.net/v/t51.2885-19/316296568_688316786341433_5895173259979620327_n.jpg?stp=dst-jpg_s150x150&_nc_ht=instagram.fblr1-4.fna.fbcdn.net&_nc_cat=105&_nc_ohc=ZCDskrWRpesAX8sYXrr&edm=AOG-cTkBAAAA&ccb=7-5&oh=00_AfDb2lsAsswg0a2tO1o1Vmhqi2LUUt5CNgGpIGAPYO-T1Q&oe=63928A31&_nc_sid=282b66,false
3026610015,tanushree.rawat,Tanushree Rawat,https://instagram.fblr1-4.fna.fbcdn.net/v/t51.2885-19/130839046_3813264768694100_2001123365743984211_n.jpg?stp=dst-jpg_s150x150&_nc_ht=instagram.fblr1-4.fna.fbcdn.net&_nc_cat=108&_nc_ohc=E1I8igqOQnkAX-SnLCI&edm=AOG-cTkBAAAA&ccb=7-5&oh=00_AfBG7nepMYXf-9iuhQcxAQfWrPURsI3mJaMaGxeLK1ZMMA&oe=6391E997&_nc_sid=282b66,false
47305555055,_rmxzz_,Arnav Paradkar,https://instagram.fblr1-7.fna.fbcdn.net/v/t51.2885-19/298200053_5640520089313657_6379293197280654124_n.jpg?stp=dst-jpg_s150x150&_nc_ht=instagram.fblr1-7.fna.fbcdn.net&_nc_cat=101&_nc_ohc=7Y5wv3smAtQAX_2kk8x&tn=CTb4kKz1czh79hkh&edm=AOG-cTkBAAAA&ccb=7-5&oh=00_AfDAOjxHkdJ6rcQYRfAEJO4Vz-Bc_VsTgqfpxFXYbRIqbg&oe=63926EAB&_nc_sid=282b66,false
27208413542,murthy_neha,ð“ð“®ð“±ð“ª ð“œð“¾ð“»ð“½ð“±ð”‚,https://instagram.fblr1-7.fna.fbcdn.net/v/t51.2885-19/313323037_651760866479695_7044550926179994854_n.jpg?stp=dst-jpg_s150x150&_nc_ht=instagram.fblr1-7.fna.fbcdn.net&_nc_cat=107&_nc_ohc=xXXyyKP-mZoAX9Jv3Sk&edm=AOG-cTkBAAAA&ccb=7-5&oh=00_AfCsq-EEHu5DpH2lELvyKj_qsy5XQtfLtXjCeOWQqKQHdg&oe=63931E7C&_nc_sid=282b66,false
49122381883,ishiisswag,number one fan of Ishiiiiii <3,https://instagram.fblr1-6.fna.fbcdn.net/v/t51.2885-19/240508110_888615531739118_6292544299259554941_n.jpg?stp=dst-jpg_s150x150&_nc_ht=instagram.fblr1-6.fna.fbcdn.net&_nc_cat=102&_nc_ohc=YXl-zIRfLJsAX-4G37g&edm=AOG-cTkBAAAA&ccb=7-5&oh=00_AfBdZwUab1XgM3cYHzQUnxcrTYxXmMKU1qhEF_qsYvkcFg&oe=639235C7&_nc_sid=282b66,false
8926247222,_._varun_jain_._,Varun Jain,https://instagram.fblr1-7.fna.fbcdn.net/v/t51.2885-19/240678380_529685734791366_5565758196593818511_n.jpg?stp=dst-jpg_s150x150&_nc_ht=instagram.fblr1-7.fna.fbcdn.net&_nc_cat=106&_nc_ohc=7RFM29rBXIMAX-KjY_Z&edm=AOG-cTkBAAAA&ccb=7-5&oh=00_AfBFZEAx3bkdnCJEx07AGJsN83bKsa7FLJEnmQZFD1VFfw&oe=639263DA&_nc_sid=282b66,false
46912581716,shubhra.xx,shubhra,https://instagram.fblr1-4.fna.fbcdn.net/v/t51.2885-19/299126570_5285048441613572_9220931973876988525_n.jpg?stp=dst-jpg_s150x150&_nc_ht=instagram.fblr1-4.fna.fbcdn.net&_nc_cat=108&_nc_ohc=MT0aVg4Uz_AAX9Vo8em&edm=AOG-cTkBAAAA&ccb=7-5&oh=00_AfDY9aXKpBYSpNGW7F6vo-mgdnezzHFL_OlBFFZcjgO-JQ&oe=63923E02&_nc_sid=282b66,false
45723640781,aishiexistss,aishi,https://instagram.fblr1-5.fna.fbcdn.net/v/t51.2885-19/307442974_546534527272427_3776000581894156911_n.jpg?stp=dst-jpg_s150x150&_nc_ht=instagram.fblr1-5.fna.fbcdn.net&_nc_cat=111&_nc_ohc=x2ElrcGpX8AAX8MfC0T&tn=CTb4kKz1czh79hkh&edm=AOG-cTkBAAAA&ccb=7-5&oh=00_AfAM6tzG28ayBgysnXKIHUW-RVFZ9GUOxfiITjPeG42RNw&oe=639339FC&_nc_sid=282b66,false
40388472248,bailey_dlab,Bailey_Boy,https://instagram.fblr1-4.fna.fbcdn.net/v/t51.2885-19/117397253_185222403017177_4061257571594891360_n.jpg?stp=dst-jpg_s150x150&_nc_ht=instagram.fblr1-4.fna.fbcdn.net&_nc_cat=105&_nc_ohc=VyBz5Ccj64kAX97D6oq&edm=AOG-cTkBAAAA&ccb=7-5&oh=00_AfBejRZs2TReOY_N1pjfEwn8V1Oqm9fqf00uwwc8XFdiwA&oe=63929A32&_nc_sid=282b66,false
47225923856,voionion,Voion,https://instagram.fblr1-3.fna.fbcdn.net/v/t51.2885-19/275458516_1305693383249721_9126100690600003024_n.jpg?stp=dst-jpg_s150x150&_nc_ht=instagram.fblr1-3.fna.fbcdn.net&_nc_cat=109&_nc_ohc=InywElx_fjwAX_wa-UK&edm=AOG-cTkBAAAA&ccb=7-5&oh=00_AfCyl6cdICNVtyCwPL4ny3Jok6p1cjvcmyMDm29yfLwARg&oe=63923ECB&_nc_sid=282b66,false
25513035979,__vishal_balaji__,Vishal B,https://instagram.fblr1-6.fna.fbcdn.net/v/t51.2885-19/273621541_243640524606084_5115706320666275637_n.jpg?stp=dst-jpg_s150x150&_nc_ht=instagram.fblr1-6.fna.fbcdn.net&_nc_cat=100&_nc_ohc=xkJxgtqCkagAX_sK4e4&edm=AOG-cTkBAAAA&ccb=7-5&oh=00_AfByIIYhU6SPDjK5rZQ2K6APTWLTJDKranNswIDUfReiMQ&oe=6392134E&_nc_sid=282b66,false
44652024360,aarav_khicha,,https://scontent.cdninstagram.com/v/t51.2885-19/44884218_345707102882519_2446069589734326272_n.jpg?_nc_ht=scontent.cdninstagram.com&_nc_cat=1&_nc_ohc=oe8SiN2GJEIAX_2syZ0&edm=AE33r6YAAAAA&ccb=7-5&ig_cache_key=YW5vbnltb3VzX3Byb2ZpbGVfcGlj.2-ccb7-5&oh=00_AfAfrdFeaJdLAm8xwUme2HOCgMGDwJkVMR8BZiKq5j8idQ&oe=63929A0F&_nc_sid=c7f4db,false
45305378652,dippy._.ducky,Dippy <3,https://instagram.fblr1-4.fna.fbcdn.net/v/t51.2885-19/315970266_544678511005964_513078536453187597_n.jpg?stp=dst-jpg_s150x150&_nc_ht=instagram.fblr1-4.fna.fbcdn.net&_nc_cat=108&_nc_ohc=iO--yKrqwd8AX9BOS-d&edm=AOG-cTkBAAAA&ccb=7-5&oh=00_AfDkhc9nj63fObM8lE0vZCb8OZgyLe-i7wzyvcsuTTlFiQ&oe=63922480&_nc_sid=282b66,false
28422567647,arnav_rai10452,Arnav rai,https://instagram.fblr1-5.fna.fbcdn.net/v/t51.2885-19/291909890_1227981121268219_2408324190150809167_n.jpg?stp=dst-jpg_s150x150&_nc_ht=instagram.fblr1-5.fna.fbcdn.net&_nc_cat=111&_nc_ohc=-qq5BZ6uWtAAX8EFZ2K&edm=AOG-cTkBAAAA&ccb=7-5&oh=00_AfACtxsmUk00hmW6_wfWGx1oaKgaHOAcaE8NpleqZn07qg&oe=63926C52&_nc_sid=282b66,false
40856024730,soooo_ummm,Shelby,https://instagram.fblr1-5.fna.fbcdn.net/v/t51.2885-19/118160220_653172515323558_5674145418331726647_n.jpg?stp=dst-jpg_s150x150&_nc_ht=instagram.fblr1-5.fna.fbcdn.net&_nc_cat=110&_nc_ohc=EcpeNcxubsgAX_XfrGT&edm=AOG-cTkBAAAA&ccb=7-5&oh=00_AfDa171h26AQVwnNpb8QhXMoJTQv5YBqRPwqBRBkTOlXDg&oe=6393A2A9&_nc_sid=282b66,false
38791462154,rjn_2007,Rahul,https://instagram.fblr1-5.fna.fbcdn.net/v/t51.2885-19/274679384_464838031986826_2024395028681791619_n.jpg?stp=dst-jpg_s150x150&_nc_ht=instagram.fblr1-5.fna.fbcdn.net&_nc_cat=110&_nc_ohc=ompUavc1Bf8AX_dJg3g&edm=AOG-cTkBAAAA&ccb=7-5&oh=00_AfCf2EgyhnwGnzdV2-cMTPH67E-0y1q5IqV6oAJ50g5rVg&oe=6393B932&_nc_sid=282b66,false
5638507473,soham9895,soham ðŸ…´,https://instagram.fblr1-3.fna.fbcdn.net/v/t51.2885-19/314727495_137605429036653_2309325903162069050_n.jpg?stp=dst-jpg_s150x150&_nc_ht=instagram.fblr1-3.fna.fbcdn.net&_nc_cat=109&_nc_ohc=eE6Y63A6jPIAX_30FS8&edm=AOG-cTkBAAAA&ccb=7-5&oh=00_AfACMiTy0G0CknfHX1qQoznD6bYnIqc3xgbh2Q6hG4GN9Q&oe=639268F5&_nc_sid=282b66,false
47727583164,rango09king,Ojas Singh,https://instagram.fblr1-7.fna.fbcdn.net/v/t51.2885-19/225184559_3031917817130899_2016089731271615689_n.jpg?stp=dst-jpg_s150x150&_nc_ht=instagram.fblr1-7.fna.fbcdn.net&_nc_cat=107&_nc_ohc=8ssdZ3T_4ZkAX--UhuQ&edm=AOG-cTkBAAAA&ccb=7-5&oh=00_AfBKS8zAbvgRYtpqridjS6PqFwwlSdeLlmX68-rYCxXI1Q&oe=6392F31E&_nc_sid=282b66,false
5698639467,bangalore.indusschool,Indus International School Bangalore,https://instagram.fblr1-6.fna.fbcdn.net/v/t51.2885-19/274779618_343049684387114_310843796248854671_n.jpg?_nc_ht=instagram.fblr1-6.fna.fbcdn.net&_nc_cat=102&_nc_ohc=pZDlbbCxiYwAX9tX_5Q&edm=AOG-cTkBAAAA&ccb=7-5&oh=00_AfBr8RgBSVwwt1ECAddeMhr6a84EXEgpqtJJuO5oK9_pfw&oe=63924897&_nc_sid=282b66,false
7474904811,__husain_b__,HB,https://instagram.fblr1-6.fna.fbcdn.net/v/t51.2885-19/311925648_668214517944796_5360775868177082575_n.jpg?stp=dst-jpg_s150x150&_nc_ht=instagram.fblr1-6.fna.fbcdn.net&_nc_cat=104&_nc_ohc=beRmAYXkR4kAX97Z9yg&tn=CTb4kKz1czh79hkh&edm=AOG-cTkBAAAA&ccb=7-5&oh=00_AfCP6eYNp6qxYT-ml1OnPogLga9eNA_DhioCt-kJAzDKxg&oe=6392E4C8&_nc_sid=282b66,false
45230170762,dhruthi_xx,Dhruthi,https://instagram.fblr1-7.fna.fbcdn.net/v/t51.2885-19/317152766_878087479891717_1466532658496539407_n.jpg?stp=dst-jpg_s150x150&_nc_ht=instagram.fblr1-7.fna.fbcdn.net&_nc_cat=101&_nc_ohc=pwe_AYQJ8TAAX_bcNzr&edm=AOG-cTkBAAAA&ccb=7-5&oh=00_AfDOElS9pa-hTTdrDtyvxZfZSyCGdR6SSPvx_Yyu_2XTgQ&oe=6393A65A&_nc_sid=282b66,false
39169716625,itz_mrigx06,Mrigasya,https://instagram.fblr1-6.fna.fbcdn.net/v/t51.2885-19/314369489_794723684944550_1132867384031668144_n.jpg?stp=dst-jpg_s150x150&_nc_ht=instagram.fblr1-6.fna.fbcdn.net&_nc_cat=102&_nc_ohc=hHt32189EGwAX-zYryq&edm=AOG-cTkBAAAA&ccb=7-5&oh=00_AfBDB78Z6o_BRL_o8XhENlftQEhfOWMLP_MF-8NBj8o6Mw&oe=63929265&_nc_sid=282b66,false
44677213864,aarushi_gite,,https://instagram.fblr1-6.fna.fbcdn.net/v/t51.2885-19/314353473_1543664622770724_4853275807848999421_n.jpg?stp=dst-jpg_s150x150&_nc_ht=instagram.fblr1-6.fna.fbcdn.net&_nc_cat=100&_nc_ohc=T8EfcyjwRPsAX8VfP04&edm=AOG-cTkBAAAA&ccb=7-5&oh=00_AfAuI5h75ZlPeNot0T1Ojj03CTjr4a-pMuRFdGqpgD1kaw&oe=63933487&_nc_sid=282b66,false
33135669799,anxshree_07,anushree ðŸ’¤,https://instagram.fblr1-6.fna.fbcdn.net/v/t51.2885-19/317917801_629995618873840_2891566057445991943_n.jpg?stp=dst-jpg_s150x150&_nc_ht=instagram.fblr1-6.fna.fbcdn.net&_nc_cat=104&_nc_ohc=-BEd6n1Asm0AX8CIVx2&edm=AOG-cTkBAAAA&ccb=7-5&oh=00_AfCCsKuY4KHp6ikgsK3zdwtPMNSmKW4qRBaJYUj087lqbg&oe=6393B19D&_nc_sid=282b66,false
40048987349,nehal_1208,Nehal,https://instagram.fblr1-4.fna.fbcdn.net/v/t51.2885-19/316762185_1096514911058849_4548148543643315603_n.jpg?stp=dst-jpg_s150x150&_nc_ht=instagram.fblr1-4.fna.fbcdn.net&_nc_cat=105&_nc_ohc=y9Hl4QpmQhUAX8O6CVc&edm=AOG-cTkBAAAA&ccb=7-5&oh=00_AfBaHtg2eoX3-T3NOl6Kq5jTlNZI4XYIjnWDlL-qAlRZHA&oe=6392311E&_nc_sid=282b66,false
10422442880,sahithiiiiiiiiii,sahithi,https://instagram.fblr1-3.fna.fbcdn.net/v/t51.2885-19/318015251_691170945694185_332403539400654689_n.jpg?stp=dst-jpg_s150x150&_nc_ht=instagram.fblr1-3.fna.fbcdn.net&_nc_cat=109&_nc_ohc=EBpJdBl03PwAX-FE791&edm=AOG-cTkBAAAA&ccb=7-5&oh=00_AfBlHl1ez0-ELhHNN8E_2apCXTnkZlh7KFzeEYkQEy-kRw&oe=6392743D&_nc_sid=282b66,false
7991567346,_nirbhay_________,Nirbhay Agarwala,https://instagram.fblr1-6.fna.fbcdn.net/v/t51.2885-19/292180093_450647753176152_8463529946177282176_n.jpg?stp=dst-jpg_s150x150&_nc_ht=instagram.fblr1-6.fna.fbcdn.net&_nc_cat=100&_nc_ohc=_joYLrU2060AX9YgKhb&edm=AOG-cTkBAAAA&ccb=7-5&oh=00_AfDLXjnjxEXVhi8q7QtCwPd0LEAuDzU5l2F9ZiDYx3Ldfg&oe=639265A3&_nc_sid=282b66,false
3908110498,aarav.panjwani,Aarav Panjwani,https://instagram.fblr1-3.fna.fbcdn.net/v/t51.2885-19/312693447_523861659170745_874797153573216724_n.jpg?stp=dst-jpg_s150x150&_nc_ht=instagram.fblr1-3.fna.fbcdn.net&_nc_cat=109&_nc_ohc=m7aQ_0_0MMwAX_g_EdI&edm=AOG-cTkBAAAA&ccb=7-5&oh=00_AfANCEwv3BeRMW8N_sv6GmreIZdY-sAmpMQCUOdGqFig0A&oe=639205CE&_nc_sid=282b66,false
37578896110,ariana.parikh,arianaâ™¡,https://instagram.fblr1-5.fna.fbcdn.net/v/t51.2885-19/312789684_1564706680647759_8104539230468844255_n.jpg?stp=dst-jpg_s150x150&_nc_ht=instagram.fblr1-5.fna.fbcdn.net&_nc_cat=103&_nc_ohc=5me-xyPkr70AX-dsxTA&edm=AOG-cTkBAAAA&ccb=7-5&oh=00_AfCC2m9yVbpSkQDWFGI1exz97RL7dxYldztFACzsrfgZKw&oe=639334CE&_nc_sid=282b66,false
47589294426,rs8_x65x_x944,Sidharth Rao,https://instagram.fblr1-4.fna.fbcdn.net/v/t51.2885-19/271461634_996830754233057_272486822102286745_n.jpg?stp=dst-jpg_s150x150&_nc_ht=instagram.fblr1-4.fna.fbcdn.net&_nc_cat=105&_nc_ohc=YJuytkC4eocAX_hhshg&edm=AOG-cTkBAAAA&ccb=7-5&oh=00_AfCkxZm7QzE9FBiwNeBQSfQBlUePgg9tBCqwVxlv6Vh6Zg&oe=6392942F&_nc_sid=282b66,false
44190356825,jaywayfire_2077,jay,https://instagram.fblr1-5.fna.fbcdn.net/v/t51.2885-19/243991125_1283802282058439_9129517564653528874_n.jpg?stp=dst-jpg_s150x150&_nc_ht=instagram.fblr1-5.fna.fbcdn.net&_nc_cat=111&_nc_ohc=zOYaX5U0wJgAX8PQI-H&edm=AOG-cTkBAAAA&ccb=7-5&oh=00_AfBd20Jc4ffH_Ces-HXXn-vL9hqZbGfjro4KkJmX_ksUgg&oe=63927CCF&_nc_sid=282b66,false
47226112855,parasuranhammagi,Parashurama Prakash,https://instagram.fblr1-6.fna.fbcdn.net/v/t51.2885-19/240573476_904630110401544_3512151075940804745_n.jpg?stp=dst-jpg_s150x150&_nc_ht=instagram.fblr1-6.fna.fbcdn.net&_nc_cat=100&_nc_ohc=box7kvPxaKkAX-xLVE0&edm=AOG-cTkBAAAA&ccb=7-5&oh=00_AfB6trDqAS2YUZJ7kfZgfG7l-M3cjp6GPAcgXrdDzB1Hjg&oe=63922F83&_nc_sid=282b66,false
31765496164,hiighly.sober,anchita sandhu,https://instagram.fblr1-7.fna.fbcdn.net/v/t51.2885-19/315927794_5652488908139797_7970251079631632097_n.jpg?stp=dst-jpg_s150x150&_nc_ht=instagram.fblr1-7.fna.fbcdn.net&_nc_cat=101&_nc_ohc=1RcJKNyIcsUAX9Mu4lZ&edm=AOG-cTkBAAAA&ccb=7-5&oh=00_AfCDOrrkEOVBYUduTThGHvrA6MqF3UIkdkXpn0gbnlDGjg&oe=6391CBA0&_nc_sid=282b66,false
8234046828,_tanushchaturvedi_24,ï¼´ï½ï½Žï½•ï½“ï½ˆ,https://instagram.fblr1-6.fna.fbcdn.net/v/t51.2885-19/317964856_122052080725646_1683351380790284702_n.jpg?stp=dst-jpg_s150x150&_nc_ht=instagram.fblr1-6.fna.fbcdn.net&_nc_cat=102&_nc_ohc=hseAB8ACzoIAX9DaUzf&edm=AOG-cTkBAAAA&ccb=7-5&oh=00_AfDjHdUz3yiSjM2McvPU97vXStys6nHcJVh6-dX8DuKMwg&oe=63932F29&_nc_sid=282b66,false
31771841685,rpc29_,Rahul,https://instagram.fblr1-5.fna.fbcdn.net/v/t51.2885-19/315224084_5190910081008551_200698898250480863_n.jpg?stp=dst-jpg_s150x150&_nc_ht=instagram.fblr1-5.fna.fbcdn.net&_nc_cat=111&_nc_ohc=m5Wpx4_plhsAX8agwcC&tn=CTb4kKz1czh79hkh&edm=AOG-cTkBAAAA&ccb=7-5&oh=00_AfD2ZaN89Ks3JZKiqSewQLCsf4H_glI0sovK6AgawHu5JA&oe=639284B2&_nc_sid=282b66,false
48079616363,papakepare1234,papakepari,https://instagram.fblr1-6.fna.fbcdn.net/v/t51.2885-19/188947516_947162802704822_1953834306217890240_n.jpg?stp=dst-jpg_s150x150&_nc_ht=instagram.fblr1-6.fna.fbcdn.net&_nc_cat=102&_nc_ohc=Rr7qScGyUfwAX9sU_r0&edm=AOG-cTkBAAAA&ccb=7-5&oh=00_AfC4u9Qjx_T086e9UIHwklh8YBj8rLxAT-35ecqttpfPSw&oe=6392FF6B&_nc_sid=282b66,false
31783598229,siddco17,Siddharth,https://instagram.fblr1-6.fna.fbcdn.net/v/t51.2885-19/316149439_3436013006674250_604694561337099225_n.jpg?stp=dst-jpg_s150x150&_nc_ht=instagram.fblr1-6.fna.fbcdn.net&_nc_cat=102&_nc_ohc=V94_pWIfj28AX98h7se&edm=AOG-cTkBAAAA&ccb=7-5&oh=00_AfACiyohHTN0iwLUU8SYcbbFD6KFs26sX-nDLoqC9UoO8A&oe=6391D752&_nc_sid=282b66,false
