_arman_ghosh_|1
sayandahiya|1
jagruthi_jadhu|1
nallapati_abhi|1
iisb_confessions|-1
top_dawg_chirag|0
urja.parikh|0
jaybp2604|0
leisha_2006_|0
sushkl_|0
_.qhxna._|0
griheetgriheet|0
lenorawrr|1
aryamanagrawalll|0
khanak_77|0
kshethij_0811|0
zorion132|0
_vijitht|0
manvib999|0
prapanch.k|0
_.aarnavagarwal._|0
_chetan_21__|0
vltnz14|0
aditya__joshi12|0
prayush_2496|0
aashrit_11|0
anikethk1|0
r_rakesh_chowdary|0
rafael.kuboyama|0
daksh_patil_135|0
kav_singhal|0
rahulreddy1408|0
ranvking|0
j_saini06|0
aadit_chadha|0
isasarfaraz7|0
nischal14t|0
asha_sj|0
srishti_satishwar|0
khushiyyy.__|0
siddhan_th|1
090102_marcellino|1
ronit.clicks|1
murthy_neha|1sxmrxxtsujxn|-1
yuvhingarh|-1
whoissanskarr|-1
kaashvi_goyal|-1
soham9895|-1
__husain_b__|-1
livyabindra|-1
spbhuvan_|-1
shristiostwal_|-1
_.arushhgupta._|-1
anjalii_218|-1
vednth.n|-1
maaanyasinghh|-1
7.31_h|-1
hariprasaad2000|-1
xo.ishi|-1
akshat_shahi_|-1
rohit.rao012|-1
himank_bhalla|-1
triparno06|-1
__vedika.__|-1
ram_machani|-1
dora_the_explorer2265|-1
origami_by_ayush|-1
aayushi.viswanath|-1
aniket__117_._|-1
krisha_adroja|-1
saratrehan|-1
nat_1141|-1
550 profiles max on free plan|-1
legendary_aryan_244_109|-1
ujesha_l|-1
hiyaa.shelby|-1
vidhikabaid|-1
shreem_8484|-1
raiprish12_|-1
vamsi_nadh._|-1
seriiuslyy|-1
chxravaxthy_rishx7|-1
shrishh_06|-1
sanath70700|-1
venbanathar|-1
aarriniimalhotr.a|-1
fbwlgjs05|-1
creditap.ai|-1
ariana.parikh|-1
insta_artists_support|-1
_viya13|-1
azo_1147|-1
avighno_basu|-1
stuti.109|-1
mathias.aczt|-1
max_cole.16|-1
_krishhikaaa|-1
rishov21|-1
swt.ds.boss|-1
ish_tle|-1
ronica.rawal|-1
m1lo_13|-1
sincerelyxnaisha|-1
ssubin_04|-1
dxnvy_28|-1
r3latableaf|-1
arinabrahamm|-1
krishhh.015|-1
anikety_perry_spam|-1
kiki.douluvme69|-1
adi__sus|-1
anushka_vashistha5|-1
anixa.exe|-1
_vxdnairr|-1
pratyushmetgud|-1
samanth_bhoopalam|-1
ishan_jain2000|-1
es.h.a|-1
santhosh__05|-1
muneeshh_02|-1
_sxnsxkritii_|-1
jeonggaeun263|-1
riiakii_ii|-1
rahulp.__|-1
shanayaaa_19|-1
gerbildroga|-1
dippy._.ducky|-1
arnav_rai10452|-1
_nirbhay_________|-1
aryanx_c|-1
adhyaboby|-1
s_a_m_0.7|-1
shachindra.guna|-1
manas_2050|-1
rudhrshenoy|-1
ajaykrishna32|-1
rishxx007|-1
sameennn___|-1
tsukare__|-1
jaiden_patel|-1
_taraaaa__|-1
neena_jm|-1
markpjayan|-1
malharr_yadav|-1
suthan.01|-1
aayu_x_blah|-1
lxvxnyaa|-1
myra_2905|-1
kabirkaul333|-1
ranvqueen|-1
anagha.06|-1
diya.satija|-1
get_me_bunda_|-1
jaiveer_9199|-1
aarav.__.budhia|-1
akankshaa.14|-1
sushi_mish|-1
navyaaa.agarwal|-1
ram_charan_reddy.__|-1
chetan_ravindra18|-1
aryan_t21|-1
rajiv._.44|-1
kani_bunny0515|-1
latsypie|-1
nabii__3|-1
pravinbhogam|-1
shriiiiiishh|-1
rishit.wow|-1
